uniprot,group,half_life,log_10_HL
Q61554,ctrl,42.06883626,1.623960498
Q8R0Y8,ctrl,39.68096981,1.598582278
P54320,ctrl,38.86661324,1.589576699
Q60675,ctrl,35.13786939,1.545775424
P68134,ctrl,33.98113445,1.531237874
P04919,ctrl,33.87981722,1.529941059
Q8BGH2,ctrl,32.59108428,1.513098809
O35129,ctrl,31.83809566,1.502947083
P47802,ctrl,31.44094986,1.497495658
P01942,ctrl,31.35419462,1.49629565
P02088,ctrl,30.99041784,1.491227432
P00920,ctrl,30.57350332,1.485345206
Q9CZB0,ctrl,30.34927889,1.482148377
P56382,ctrl,30.26843583,1.480989979
Q9D1G3,ctrl,28.34146382,1.452422277
Q99L13,ctrl,27.85513505,1.444905268
Q9CQH3,ctrl,27.53424885,1.439873233
Q8BH95,ctrl,27.41771214,1.438031212
Q9CQJ8,ctrl,27.41771214,1.438031212
P62897,ctrl,27.02644288,1.431788889
P20108,ctrl,26.77174233,1.427676636
P03911,ctrl,26.5522766,1.424101763
Q9CRB9,ctrl,26.27647676,1.419567133
P08122,ctrl,26.10969698,1.416801832
Q9CQ69,ctrl,26.07973439,1.416303164
P09671,ctrl,26.0650239,1.416058127
Q8BKZ9,ctrl,26.04984049,1.415805068
Q9D2G2,ctrl,25.88688305,1.413079762
Q8BWF0,ctrl,25.85694709,1.412577247
P17665,ctrl,25.82804265,1.412091495
Q9D0M3,ctrl,25.76946913,1.411105472
Q9CPU4,ctrl,25.56606597,1.407663905
Q8K215,ctrl,25.50867334,1.406687872
Q8BMF4,ctrl,25.4515378,1.405714028
Q9DB20,ctrl,25.43752727,1.405474892
Q78IK4,ctrl,25.42353215,1.405235888
O09111,ctrl,24.94860816,1.397046322
P19536,ctrl,24.90736931,1.39632786
Q9D3D9,ctrl,24.86626657,1.395610585
Q91VR2,ctrl,24.85957789,1.39549375
Q925I1,ctrl,24.71773845,1.393008732
Q9CQ75,ctrl,24.58404613,1.390653362
Q06185,ctrl,24.45179224,1.388310697
Q8CHT0,ctrl,24.35941594,1.386666871
Q9CPU2,ctrl,24.35941594,1.386666871
P56135,ctrl,24.20375657,1.383882776
Q9CQ54,ctrl,24.20375657,1.383882776
Q5SUC9,ctrl,24.05007392,1.381116416
P05202,ctrl,23.84817411,1.377455134
Q9D6R2,ctrl,23.84817411,1.377455134
Q9WUM5,ctrl,23.79822772,1.376544616
P08249,ctrl,23.62464828,1.373365352
Q9CQC7,ctrl,23.60051687,1.372921515
Q9DB77,ctrl,23.44208129,1.369996168
Q9CZU6,ctrl,23.29789021,1.367316594
Q9WV98,ctrl,23.21440061,1.365757475
Q9D051,ctrl,23.19071165,1.365314076
Q9D855,ctrl,23.12031957,1.363993833
Q9DCJ5,ctrl,22.81815784,1.35828058
Q9WTP6,ctrl,22.81815784,1.35828058
Q9CPQ8,ctrl,22.73806523,1.356753508
Q8JZN5,ctrl,22.72650963,1.356532741
P48962,ctrl,22.61344058,1.354366644
P51881,ctrl,22.60237978,1.354154168
P03899,ctrl,22.54613758,1.353072153
Q9CZ13,ctrl,22.54613758,1.353072153
Q8BH59,ctrl,22.52379218,1.352641512
Q9DCX2,ctrl,22.39064446,1.350066594
Q9Z0X1,ctrl,22.36860607,1.349638921
P56391,ctrl,22.26978893,1.347716101
O08749,ctrl,22.21554375,1.346656948
P40630,ctrl,22.04316046,1.343273862
Q4VAE3,ctrl,22.04280996,1.343266956
Q9JLT4,ctrl,21.91561846,1.340753731
Q9CQQ7,ctrl,21.84172619,1.339286958
Q9JI39,ctrl,21.83140726,1.339081731
P50171,ctrl,21.76833052,1.337825123
Q61425,ctrl,21.76833052,1.337825123
O08756,ctrl,21.72670848,1.336993937
Q61001,ctrl,21.66423443,1.335743347
Q9CPQ1,ctrl,21.58194042,1.334090489
Q91VT4,ctrl,21.56179987,1.333685011
P02463,ctrl,21.54102743,1.333266414
Q9JLZ3,ctrl,21.50026926,1.332443899
P51174,ctrl,21.41921389,1.330803528
P24472,ctrl,21.39904545,1.330394401
P61255,ctrl,21.34895451,1.329376612
P48772,ctrl,21.29909753,1.328361202
P56480,ctrl,21.23938044,1.327141844
Q8CAQ8,ctrl,21.22897248,1.326928974
Q9CR68,ctrl,21.12062345,1.324706734
P42125,ctrl,21.0424001,1.323095274
Q9CQ91,ctrl,20.9261455,1.320689241
Q60932,ctrl,20.90689451,1.320289528
P97807,ctrl,20.88736419,1.319883639
P99028,ctrl,20.8490399,1.319086061
Q61941,ctrl,20.83024344,1.318694345
Q9QXX4,ctrl,20.79212828,1.317898946
Q07417,ctrl,20.79181644,1.317892432
Q7TQ48,ctrl,20.77281169,1.317495284
Q3UIU2,ctrl,20.74452483,1.316903492
Q9QYR9,ctrl,20.71631491,1.316312504
P02468,ctrl,20.71600534,1.316306014
Q921G7,ctrl,20.71600534,1.316306014
P03888,ctrl,20.69713886,1.315910314
Q61292,ctrl,20.69713886,1.315910314
P43024,ctrl,20.5751868,1.313343787
Q8BWT1,ctrl,20.55657583,1.312950775
P52196,ctrl,20.4915503,1.311574817
Q9CQ62,ctrl,20.4915503,1.311574817
Q3TBW2,ctrl,20.45466346,1.310792338
O70423,ctrl,20.41790917,1.310011268
Q7TNS2,ctrl,20.30843458,1.307676448
Q9QYA2,ctrl,20.20012766,1.305354114
P56213,ctrl,20.14611348,1.304191276
Q8VEM8,ctrl,20.09296984,1.303044132
Q8R404,ctrl,20.05750277,1.302276861
Q9D6J5,ctrl,19.99126629,1.300840304
P47934,ctrl,19.98694292,1.300746372
Q8VD26,ctrl,19.95184884,1.299983146
P12787,ctrl,19.91687778,1.299221258
Q8R1S0,ctrl,19.89943818,1.298840815
P11688,ctrl,19.89915254,1.298834581
Q9Z2Z6,ctrl,19.89058714,1.298647603
Q505D7,ctrl,19.88174396,1.298454477
Q9DCM0,ctrl,19.85583032,1.297888053
P03921,ctrl,19.82970049,1.297316155
Q99LY9,ctrl,19.77821094,1.296187004
Q9D7B6,ctrl,19.77821094,1.296187004
Q9ERS2,ctrl,19.76918546,1.295988776
Q99LC5,ctrl,19.67519211,1.293918982
Q8QZS1,ctrl,19.65817302,1.293543153
Q9DCS3,ctrl,19.64090506,1.293161496
Q8R164,ctrl,19.624223,1.29279247
Q8R1I1,ctrl,19.55667355,1.291294986
Q9Z1P6,ctrl,19.53958337,1.290915299
P54071,ctrl,19.50604138,1.290169141
Q9DCS9,ctrl,19.44775558,1.288869488
Q8K370,ctrl,19.17684827,1.282777232
Q9CR62,ctrl,19.16041521,1.282404916
Q9CR61,ctrl,19.15247383,1.282224878
Q99LB2,ctrl,19.14453904,1.282044914
P82347,ctrl,19.1123385,1.281313829
P67778,ctrl,19.0482613,1.27985534
Q03265,ctrl,18.93689535,1.277308779
P55772,ctrl,18.92913814,1.277130841
Q91VM9,ctrl,18.88993243,1.276230404
Q9DCW4,ctrl,18.87398722,1.275863657
Q8BMS1,ctrl,18.79619222,1.274069878
Q9CXJ4,ctrl,18.79619222,1.274069878
Q91WS0,ctrl,18.75728092,1.273169883
P02469,ctrl,18.7185304,1.272271749
P00848,ctrl,18.70287312,1.271908328
P03930,ctrl,18.68774583,1.271556919
Q8R127,ctrl,18.68774583,1.271556919
Q8VE95,ctrl,18.67239149,1.271199944
Q99MN9,ctrl,18.65706235,1.270843263
P35486,ctrl,18.64175837,1.270486874
Q60931,ctrl,18.64175837,1.270486874
Q8K4F5,ctrl,18.61097574,1.269769143
P54731,ctrl,18.58054364,1.269058417
P63038,ctrl,18.51997704,1.267640444
Q9WUR2,ctrl,18.41493021,1.265170077
P19783,ctrl,18.40735024,1.264991276
Q9CR21,ctrl,18.31106833,1.262713683
Q8CG76,ctrl,18.28160835,1.262014401
Q60930,ctrl,18.25224301,1.261316242
Q8BIJ6,ctrl,18.10682011,1.257842187
Q91ZA3,ctrl,18.04929773,1.256460309
Q99KI0,ctrl,17.97767353,1.254733489
P15331,ctrl,17.89274841,1.252677055
Q8BK30,ctrl,17.86461806,1.251993735
Q9CXS4,ctrl,17.85035617,1.251646886
Q9DC69,ctrl,17.81548772,1.250797716
Q71LX4,ctrl,17.78782782,1.250122917
Q8CAK1,ctrl,17.76685456,1.249610547
Q9CQZ5,ctrl,17.76662687,1.249604981
P97450,ctrl,17.75979863,1.249438037
P00405,ctrl,17.73911837,1.248932032
Q9JHW2,ctrl,17.72505608,1.248587618
Q71RI9,ctrl,17.69767606,1.247916241
P08228,ctrl,17.64271993,1.24656554
Q99JR6,ctrl,17.58788091,1.245213516
Q3UN90,ctrl,17.56092272,1.244547332
P35505,ctrl,17.54048082,1.244041494
P59017,ctrl,17.49973947,1.243031583
Q9CZL5,ctrl,17.49311479,1.242867146
Q8QZT1,ctrl,17.40613682,1.240702393
Q5IRJ6,ctrl,17.39914606,1.240527934
P48678,ctrl,17.37254519,1.23986345
Q8BFR5,ctrl,17.33301277,1.238874057
Q91VD9,ctrl,17.33301277,1.238874057
Q0II04,ctrl,17.28029469,1.237551144
Q9CZS1,ctrl,17.28029469,1.237551144
Q9Z2I9,ctrl,17.24075168,1.236556197
Q9DCT2,ctrl,17.22768223,1.236226852
O55126,ctrl,17.20181612,1.235574301
Q9DCZ4,ctrl,17.20160267,1.235568912
P52430,ctrl,17.09785843,1.232941717
Q8BH86,ctrl,17.07217016,1.232288731
Q91V12,ctrl,17.0210245,1.230985697
Q8K3J1,ctrl,16.99556641,1.230335643
Q9CQX8,ctrl,16.94487803,1.229038447
Q99J39,ctrl,16.91964705,1.228391299
Q91WK5,ctrl,16.86940983,1.227099889
P47791,ctrl,16.82559425,1.225970412
Q9CPP6,ctrl,16.78850923,1.225012134
P53395,ctrl,16.65898819,1.22164862
Q8K2C6,ctrl,16.65898819,1.22164862
Q9D0L4,ctrl,16.64698546,1.2213356
Q924D0,ctrl,16.58623803,1.219747894
O35855,ctrl,16.45414187,1.216275238
Q7TMF3,ctrl,16.43035012,1.215646818
Q91WD5,ctrl,16.43035012,1.215646818
Q9D7J9,ctrl,16.38277882,1.214387568
Q91YP0,ctrl,16.38258522,1.214382436
Q99LC3,ctrl,16.38258522,1.214382436
Q9D6U8,ctrl,16.32394095,1.212825015
P63030,ctrl,16.31203211,1.212508068
Q9D6J6,ctrl,16.30627601,1.212354789
P42669,ctrl,16.20733455,1.209711597
Q9Z2I0,ctrl,16.1957844,1.209401987
Q9D172,ctrl,16.17273339,1.208783427
P52825,ctrl,16.05845567,1.205703777
Q5SWT3,ctrl,16.03579365,1.205090459
Q923D2,ctrl,15.96818975,1.203255685
Q9D8B4,ctrl,15.9457816,1.202645812
Q3TC72,ctrl,15.84553723,1.199906968
P99029,ctrl,15.83467768,1.199609227
Q3ULD5,ctrl,15.81264242,1.19900445
Q9D7X8,ctrl,15.79066841,1.198400514
Q9EQ20,ctrl,15.77952468,1.198093917
Q9DCM2,ctrl,15.72475455,1.196583875
Q8R4N0,ctrl,15.64913599,1.194490365
Q791V5,ctrl,15.53131777,1.191208305
P00416,ctrl,15.44686517,1.188840356
Q9WUR9,ctrl,15.44686517,1.188840356
P45377,ctrl,15.43637312,1.188545268
Q8BMS4,ctrl,15.36332603,1.186485247
Q64433,ctrl,15.3373202,1.185749485
Q9CZ42,ctrl,15.30109338,1.184722466
Q9QZQ8,ctrl,15.29079836,1.184430161
Q9WTR5,ctrl,15.24472553,1.18311961
Q99MR8,ctrl,15.23969792,1.182976359
Q9D1R9,ctrl,15.19892952,1.181813001
Q9WVL0,ctrl,15.19892952,1.181813001
P41216,ctrl,15.08776867,1.178625017
Q9ES82,ctrl,15.05761477,1.177756182
Q9D1I5,ctrl,15.01781347,1.176606706
P26443,ctrl,15.007896,1.176319811
Q8K2Y7,ctrl,14.99799162,1.176033107
P97478,ctrl,14.93883878,1.17431684
P56501,ctrl,14.84128084,1.171471383
P10493,ctrl,14.84112196,1.171466734
P11404,ctrl,14.82192196,1.170904522
Q9CXZ1,ctrl,14.82192196,1.170904522
O35658,ctrl,14.80735683,1.170477542
Q8K2B3,ctrl,14.78335531,1.169773015
Q60759,ctrl,14.77374499,1.169490598
Q8CC86,ctrl,14.76414715,1.169208365
P50247,ctrl,14.72588019,1.168081263
P17095,ctrl,14.7161882,1.167795333
Q99N92,ctrl,14.66885024,1.166396075
Q9JHI5,ctrl,14.66885024,1.166396075
Q3V384,ctrl,14.6499383,1.165835796
Q5F285,ctrl,14.6499383,1.165835796
P16546,ctrl,14.64978348,1.165831206
Q6P3A8,ctrl,14.62150742,1.164992149
Q62425,ctrl,14.61195229,1.164708245
Q78IK2,ctrl,14.59334029,1.16415471
Q9D1N9,ctrl,14.59318667,1.164150138
Q8BL65,ctrl,14.53717792,1.162480106
Q6P8J7,ctrl,14.48159745,1.160816471
Q99JB2,ctrl,14.45396629,1.159987038
Q8K1Z0,ctrl,14.3354397,1.156411018
P45952,ctrl,14.31737716,1.155863466
P97823,ctrl,14.28138829,1.154770427
Q8C5H8,ctrl,14.24557989,1.153680133
Q9CZR8,ctrl,14.21884121,1.152864204
Q9ESD7,ctrl,14.2099506,1.152592568
P10639,ctrl,14.19220271,1.152049806
Q80XN0,ctrl,14.12165228,1.149885514
P85094,ctrl,14.08649631,1.148802986
Q60870,ctrl,13.96516865,1.145046185
P17710,ctrl,13.90549442,1.143186435
Q3TLP5,ctrl,13.82920036,1.140797069
P04247,ctrl,13.81239026,1.140268841
Q64727,ctrl,13.70397747,1.136846636
P08032,ctrl,13.67113755,1.135804653
O09174,ctrl,13.66291848,1.135543477
P07356,ctrl,13.6545748,1.135278181
Q9CPX7,ctrl,13.63014081,1.134500342
P30275,ctrl,13.59725328,1.133451187
Q9DC07,ctrl,13.57701174,1.132804194
Q9D0S9,ctrl,13.55683038,1.132158162
P82350,ctrl,13.54861573,1.131894925
O88322,ctrl,13.51651532,1.130864741
P55292,ctrl,13.50032488,1.13034422
P50544,ctrl,13.46439745,1.129186923
Q64516,ctrl,13.4603447,1.129056182
Q8BW75,ctrl,13.42060061,1.127771952
Q9D6M3,ctrl,13.39686662,1.127003234
Q9CPQ3,ctrl,13.34181242,1.12521483
Q5M8N4,ctrl,13.32616566,1.124705208
Q8CGK3,ctrl,13.2639439,1.122672677
P19253,ctrl,13.0804699,1.116623346
P09411,ctrl,13.06542978,1.1161237
Q9CPX8,ctrl,13.06542978,1.1161237
Q9R0P3,ctrl,13.06542978,1.1161237
Q9CQR4,ctrl,13.03545305,1.11512613
Q8R086,ctrl,12.9611096,1.112642183
Q9DC70,ctrl,12.9611096,1.112642183
O88441,ctrl,12.94634256,1.112147094
Q2TPA8,ctrl,12.94634256,1.112147094
Q9D8T7,ctrl,12.94634256,1.112147094
Q99KB8,ctrl,12.92425497,1.111405517
Q64669,ctrl,12.8730092,1.10968008
Q91ZE0,ctrl,12.85844211,1.109188354
Q9D023,ctrl,12.85844211,1.109188354
Q9WTP7,ctrl,12.85844211,1.109188354
O88696,ctrl,12.80038376,1.10722299
P45376,ctrl,12.77879098,1.106489767
O09161,ctrl,12.76091131,1.10588169
Q91YY4,ctrl,12.75738834,1.105761776
Q91WK1,ctrl,12.68594192,1.103322719
P00397,ctrl,12.6437106,1.101874547
Q8BMD8,ctrl,12.62954249,1.101387618
Q9ESW4,ctrl,12.62954249,1.101387618
Q9CQA3,ctrl,12.62597668,1.101264983
Q8R4R6,ctrl,12.6155209,1.100905188
Q9D404,ctrl,12.6155209,1.100905188
Q924X2,ctrl,12.5979804,1.100300928
P40142,ctrl,12.56668958,1.099220887
Q9JIY5,ctrl,12.55974452,1.098980805
Q91YJ5,ctrl,12.53204087,1.098021803
Q91YT0,ctrl,12.51123029,1.097300018
Q8BFW7,ctrl,12.4633135,1.095633519
Q9CRB8,ctrl,12.4633135,1.095633519
Q9JJW5,ctrl,12.39533585,1.093258298
P35980,ctrl,12.3818292,1.092784809
Q8VDN2,ctrl,12.36835196,1.092311835
Q9CQN7,ctrl,12.31790836,1.090536969
Q8BG51,ctrl,12.3012943,1.089950809
Q9CQ40,ctrl,12.28788279,1.08947706
P56392,ctrl,12.22180027,1.087135182
Q01730,ctrl,12.22180027,1.087135182
Q9R0Q6,ctrl,12.16944381,1.08527073
Q3THF9,ctrl,12.15642471,1.084805865
Q922B1,ctrl,12.15642471,1.084805865
Q99KP3,ctrl,12.11753401,1.083414247
P48758,ctrl,12.08520932,1.082254177
Q9CQF0,ctrl,12.06921663,1.081679083
P11531,ctrl,12.04677223,1.080870699
O55137,ctrl,12.02764523,1.080180609
P58281,ctrl,12.01503173,1.079724922
Q9CXA2,ctrl,12.00234075,1.079265952
P14094,ctrl,11.93291409,1.076746514
Q5U458,ctrl,11.8767883,1.074699015
P62281,ctrl,11.8519113,1.073788393
Q9JI75,ctrl,11.8272392,1.07288338
A2ASS6,ctrl,11.818064,1.072546337
Q8VDG5,ctrl,11.81494163,1.07243158
P70404,ctrl,11.8026696,1.07198025
Q9CQ06,ctrl,11.79042305,1.071529388
Q9Z2Q5,ctrl,11.77210079,1.070853972
Q9CXJ1,ctrl,11.76600602,1.070629066
Q8BVI4,ctrl,11.76590616,1.07062538
Q8BWM0,ctrl,11.7174741,1.068834002
Q921S7,ctrl,11.71143575,1.06861014
Q9CQ60,ctrl,11.6813371,1.067492557
Q8K157,ctrl,11.6454223,1.066155242
Q99JY0,ctrl,11.63330448,1.065703095
Q499X9,ctrl,11.60963044,1.064818395
P07310,ctrl,11.59768398,1.064371271
Q60994,ctrl,11.56228095,1.063043518
P62267,ctrl,11.52134538,1.061503196
Q3U5Q7,ctrl,11.49211938,1.060400129
Q8K411,ctrl,11.49211938,1.060400129
Q9JI91,ctrl,11.44581616,1.058646766
P14152,ctrl,11.44005447,1.058428092
Q9CPW3,ctrl,11.43996007,1.058424509
Q9DBJ1,ctrl,11.3884592,1.05646497
P17751,ctrl,11.374163,1.055919448
Q9DAM5,ctrl,11.34298587,1.054727391
Q91YM4,ctrl,11.33167422,1.05429408
Q3UNZ8,ctrl,11.27526931,1.052126924
P70296,ctrl,11.21960474,1.049977557
P56380,ctrl,11.20853771,1.049548957
Q8VDC0,ctrl,11.20853771,1.049548957
Q9JKB1,ctrl,11.18646903,1.048693025
Q9R0Y5,ctrl,11.18646903,1.048693025
Q9CQS8,ctrl,11.17546725,1.04826569
Q9JLJ2,ctrl,11.17546725,1.04826569
P41105,ctrl,11.16448708,1.047838776
Q8BGC4,ctrl,11.13167567,1.046560544
Q9D0F9,ctrl,11.11534218,1.045922837
Q9D1P0,ctrl,11.09905655,1.045286064
Q3TJD7,ctrl,11.07741647,1.044438484
P58389,ctrl,11.06115344,1.043800417
O70250,ctrl,11.02368365,1.042326742
P21300,ctrl,11.02368365,1.042326742
Q9DCU6,ctrl,11.02368365,1.042326742
Q05920,ctrl,10.9916063,1.041061164
P11352,ctrl,10.99151915,1.041057721
P52503,ctrl,10.99151915,1.041057721
P62245,ctrl,10.97038278,1.040221781
Q9DAK9,ctrl,10.97029597,1.040218345
Q9Z1Q9,ctrl,10.97029597,1.040218345
Q80UM3,ctrl,10.95971509,1.039799264
P51667,ctrl,10.94915459,1.039380588
Q80UW5,ctrl,10.88621656,1.036876969
Q9CR24,ctrl,10.87588249,1.036464506
O55023,ctrl,10.8653977,1.036045627
Q60866,ctrl,10.84465831,1.035215873
P19157,ctrl,10.83431828,1.03480159
Q9CPY7,ctrl,10.83423361,1.034798196
P23506,ctrl,10.82399795,1.034387701
P56376,ctrl,10.79315458,1.033148397
Q8BFP9,ctrl,10.79315458,1.033148397
Q99LX0,ctrl,10.78794715,1.03293881
Q8VE38,ctrl,10.77268981,1.032324155
P24527,ctrl,10.76750211,1.032114965
P70349,ctrl,10.7624865,1.03191262
Q8JZQ2,ctrl,10.7624865,1.03191262
Q8R574,ctrl,10.74213775,1.031090717
Q8BH64,ctrl,10.67135481,1.02821956
Q9WVH9,ctrl,10.67135481,1.02821956
Q9DBP5,ctrl,10.65134889,1.027404611
Q8R2Z5,ctrl,10.64137404,1.026997709
Q9D7J4,ctrl,10.59185961,1.024972216
P62892,ctrl,10.59177868,1.024968898
Q91VS7,ctrl,10.54264348,1.02294952
Q9D0K2,ctrl,10.54264348,1.02294952
Q9EQI8,ctrl,10.5231168,1.022144391
Q9QY76,ctrl,10.50843954,1.02153823
Q80W21,ctrl,10.48911861,1.020738996
Q99NB1,ctrl,10.48427965,1.020538597
Q64105,ctrl,10.46251999,1.019636301
O54724,ctrl,10.44564941,1.018935445
P05201,ctrl,10.42655847,1.018140983
Q9D8N0,ctrl,10.42655847,1.018140983
O55111,ctrl,10.4216987,1.017938513
P43023,ctrl,10.39310243,1.016745208
Q8BFZ9,ctrl,10.38827379,1.016543387
Q8CC88,ctrl,10.35042379,1.014958132
Q9WVK4,ctrl,10.33160204,1.014167669
Q9DCA2,ctrl,10.3222168,1.013772977
P62849,ctrl,10.31284861,1.013378642
P60867,ctrl,10.3034974,1.012984666
Q8BJZ4,ctrl,10.27554525,1.011804876
Q9Z2D6,ctrl,10.18794727,1.008086689
O70622,ctrl,10.17433882,1.007506196
P27659,ctrl,10.16978587,1.007311809
O09131,ctrl,10.15600265,1.006722805
P06745,ctrl,10.11982335,1.005172932
Q91Z53,ctrl,10.09969592,1.004308298
Q9D338,ctrl,10.09285759,1.004014145
Q9WTI7,ctrl,10.0393549,1.001705807
Q8K4Z3,ctrl,10.03499458,1.001517142
Q63918,ctrl,10.03492194,1.001513998
Q9D880,ctrl,10.03049289,1.001322274
Q99N94,ctrl,10.02164651,1.00093908
P62301,ctrl,9.995200735,0.999791521
P42232,ctrl,9.986416467,0.999409674
Q9WUA2,ctrl,9.951433256,0.997885635
P61971,ctrl,9.934033401,0.997125616
Q9R111,ctrl,9.925356271,0.996746105
O35639,ctrl,9.916694287,0.996366925
P04117,ctrl,9.916694287,0.996366925
P00329,ctrl,9.907976594,0.995984972
Q9Z2W0,ctrl,9.864897822,0.994092591
O35972,ctrl,9.856340996,0.99371572
P47963,ctrl,9.847799002,0.993339176
Q8R1G2,ctrl,9.839271801,0.992962958
P21550,ctrl,9.813778572,0.991836255
Q60854,ctrl,9.813778572,0.991836255
Q9CQ92,ctrl,9.803160679,0.991366121
Q9D1B9,ctrl,9.796856351,0.99108674
P62075,ctrl,9.788417106,0.990712467
Q9JHU2,ctrl,9.72974706,0.98810155
Q8C1A5,ctrl,9.721422989,0.98772984
Q9JKS4,ctrl,9.721422989,0.98772984
P17182,ctrl,9.713113149,0.987358448
Q62165,ctrl,9.696536016,0.986616615
Q91XD6,ctrl,9.696536016,0.986616615
Q3ULJ0,ctrl,9.66348356,0.985133712
P51855,ctrl,9.638824961,0.984024094
Q9DB60,ctrl,9.638824961,0.984024094
Q9D6Y7,ctrl,9.622567008,0.983290944
P49817,ctrl,9.622500216,0.98328793
Q3UGR5,ctrl,9.614358562,0.982920315
Q9R112,ctrl,9.606230675,0.982553011
Q9D7A8,ctrl,9.598116518,0.982186018
Q3URE1,ctrl,9.581929258,0.98145296
P21981,ctrl,9.557816379,0.980358683
Q9Z1J3,ctrl,9.557750483,0.980355689
Q924M7,ctrl,9.517722556,0.978533041
Q3URS9,ctrl,9.501805104,0.977806118
Q99N84,ctrl,9.485940805,0.97708041
O55222,ctrl,9.440528184,0.974996293
Q8R104,ctrl,9.438664169,0.974910534
Q8BGY7,ctrl,9.430702194,0.974544031
Q05793,ctrl,9.422881737,0.97418374
Q9D1I6,ctrl,9.422881737,0.97418374
Q9JKL4,ctrl,9.415074239,0.973823749
Q9CY16,ctrl,9.399497994,0.97310466
Q80X85,ctrl,9.391792809,0.972748503
P12367,ctrl,9.391729182,0.972745561
P97443,ctrl,9.383973202,0.972386759
Q8CC35,ctrl,9.376230021,0.972028253
Q9D009,ctrl,9.376230021,0.972028253
Q59J78,ctrl,9.360781933,0.971312128
Q9ER88,ctrl,9.360781933,0.971312128
Q99KR7,ctrl,9.330037966,0.969883411
Q8VDT9,ctrl,9.318560979,0.969348851
P19123,ctrl,9.314741588,0.969170811
Q9CY73,ctrl,9.30330218,0.968637127
P16858,ctrl,9.299495285,0.968459379
Q9CZ30,ctrl,9.295629173,0.96827879
P14148,ctrl,9.291890834,0.968104099
O35857,ctrl,9.26915192,0.96704
P42925,ctrl,9.26915192,0.96704
Q8BHC4,ctrl,9.26915192,0.96704
Q62426,ctrl,9.269089944,0.967037096
Q9CYR0,ctrl,9.265310991,0.966860001
Q9ET78,ctrl,9.261596993,0.966685879
A2ASQ1,ctrl,9.257762322,0.966506027
P62242,ctrl,9.239005926,0.965625246
P25444,ctrl,9.208933034,0.964209315
Q9DCV4,ctrl,9.208933034,0.964209315
P47753,ctrl,9.186597844,0.963154705
P62270,ctrl,9.171828492,0.962455925
Q8K183,ctrl,9.164431319,0.962105521
P50516,ctrl,9.164370735,0.96210265
Q6NSR8,ctrl,9.164370735,0.96210265
Q91VW3,ctrl,9.164370735,0.96210265
P26883,ctrl,9.153297466,0.961577576
P09041,ctrl,9.142250924,0.961053137
O08709,ctrl,9.120237636,0.960006154
Q7TPR4,ctrl,9.120237636,0.960006154
P09542,ctrl,9.094629411,0.958785007
P20152,ctrl,9.092899475,0.95870239
Q922E6,ctrl,9.091050962,0.958614092
P61089,ctrl,9.076527565,0.957919731
Q01768,ctrl,9.076468138,0.957916887
P47740,ctrl,9.062050498,0.957226478
O35206,ctrl,9.047560491,0.956531495
P53026,ctrl,9.036767539,0.956013111
P61922,ctrl,9.018895069,0.955153334
Q9D020,ctrl,9.015258702,0.954978194
P84104,ctrl,9.004484146,0.954458838
Q80Y14,ctrl,9.004484146,0.954458838
Q9D8Z2,ctrl,8.997354334,0.954114824
Q62407,ctrl,8.990235805,0.953771083
P47962,ctrl,8.961873973,0.952398832
P48771,ctrl,8.940719756,0.951372482
P28474,ctrl,8.92667234,0.950689594
P10649,ctrl,8.905626577,0.949664481
Q9JMH6,ctrl,8.888268573,0.948817169
Q8VCR7,ctrl,8.8778521,0.948307906
P57784,ctrl,8.864001388,0.947629815
Q3U0B3,ctrl,8.857092227,0.947291167
Q9Z0S1,ctrl,8.843249754,0.946611891
P30115,ctrl,8.836429216,0.946276803
Q11011,ctrl,8.836429216,0.946276803
Q9EP69,ctrl,8.822707354,0.945601874
Q9JIK9,ctrl,8.822707354,0.945601874
A2AAJ9,ctrl,8.815862392,0.945264803
Q9DB15,ctrl,8.812387873,0.945093604
Q9CVB6,ctrl,8.808972067,0.944925233
Q7TQ95,ctrl,8.808916092,0.944922473
Q9D7N9,ctrl,8.808916092,0.944922473
Q9DCN2,ctrl,8.79527948,0.944249644
P60603,ctrl,8.78853271,0.943916373
Q8K4G1,ctrl,8.781685023,0.943577856
Q8R3F5,ctrl,8.774903542,0.943242351
P14824,ctrl,8.768187983,0.942909852
P22315,ctrl,8.768132526,0.942907105
O35435,ctrl,8.754621794,0.942237389
Q9D154,ctrl,8.754621794,0.942237389
Q8R123,ctrl,8.74788203,0.941902918
Q8VE22,ctrl,8.734433587,0.941234747
Q61171,ctrl,8.727724859,0.940901047
Q9CQ65,ctrl,8.727724859,0.940901047
Q920A7,ctrl,8.674423775,0.938240635
Q9D8E6,ctrl,8.661145959,0.937575357
Q8K0U4,ctrl,8.634873252,0.936255967
P13707,ctrl,8.621662527,0.93559102
P14869,ctrl,8.618446529,0.935428992
P61202,ctrl,8.595575156,0.934274942
Q9DC61,ctrl,8.595575156,0.934274942
P37804,ctrl,8.59232533,0.934110712
O88456,ctrl,8.569645178,0.932962841
Q8CI51,ctrl,8.569645178,0.932962841
Q8VDK1,ctrl,8.569645178,0.932962841
Q61735,ctrl,8.556738767,0.932308273
Q8BKY8,ctrl,8.556738767,0.932308273
Q02566,ctrl,8.550300129,0.931981359
Q3TMH2,ctrl,8.550300129,0.931981359
Q8C0C7,ctrl,8.550300129,0.931981359
Q8R0F8,ctrl,8.543871173,0.931654691
Q78J03,ctrl,8.537451878,0.931328269
Q8BP67,ctrl,8.537451878,0.931328269
Q99KK2,ctrl,8.534245847,0.931165149
Q61739,ctrl,8.521445763,0.930513284
Q3UDE2,ctrl,8.51825174,0.930350471
P29341,ctrl,8.505499553,0.929699826
P14206,ctrl,8.50231747,0.929537317
Q80YD1,ctrl,8.50231747,0.929537317
Q9CZX8,ctrl,8.502265324,0.929534654
Q9CXI0,ctrl,8.49278549,0.929050155
P34884,ctrl,8.480109381,0.928401454
Q91UZ5,ctrl,8.480109381,0.928401454
Q9D2N4,ctrl,8.467471055,0.927753721
Q7TNG5,ctrl,8.467419336,0.927751068
P19258,ctrl,8.454870344,0.927106952
Q80ZK0,ctrl,8.454870344,0.927106952
P62631,ctrl,8.448532554,0.926781282
P97447,ctrl,8.442307081,0.926461145
Q5XJY4,ctrl,8.420308686,0.925328013
Q62234,ctrl,8.392323569,0.92388222
Q8VCW8,ctrl,8.392323569,0.92388222
Q64521,ctrl,8.367603614,0.922601099
P61514,ctrl,8.355298166,0.921961953
P38060,ctrl,8.343028858,0.921323746
Q9D6K8,ctrl,8.336907707,0.921004994
Q9DCD0,ctrl,8.333800399,0.920843095
P97927,ctrl,8.330795531,0.920686475
P62880,ctrl,8.318598027,0.920050139
Q9CWJ9,ctrl,8.318598027,0.920050139
Q9R062,ctrl,8.312512659,0.91973232
P15532,ctrl,8.276186605,0.917830274
P62843,ctrl,8.276186605,0.917830274
Q920Q6,ctrl,8.276137197,0.917827682
Q8BQZ4,ctrl,8.258043993,0.916877192
Q99N95,ctrl,8.258043993,0.916877192
Q9D1H8,ctrl,8.252095987,0.916564271
P09925,ctrl,8.222191414,0.914987583
P47738,ctrl,8.189598943,0.913262634
Q9CPV4,ctrl,8.1866488,0.91310616
Q9R1P4,ctrl,8.166057157,0.912012415
Q9JII6,ctrl,8.157263843,0.91154451
Q9WUQ2,ctrl,8.157263843,0.91154451
O88342,ctrl,8.151412148,0.911232852
P35979,ctrl,8.151412148,0.911232852
P61358,ctrl,8.142602502,0.910763234
P14131,ctrl,8.139733907,0.910610208
P97352,ctrl,8.139686114,0.910607658
Q8BJ71,ctrl,8.116430004,0.909365048
Q6P5F9,ctrl,8.104899097,0.908747612
P97315,ctrl,8.093259158,0.908123447
Q8BL97,ctrl,8.081746832,0.907505242
P70695,ctrl,8.073181073,0.907044693
P62702,ctrl,8.064539623,0.90657958
Q60597,ctrl,8.058820157,0.906271464
Q62009,ctrl,8.055963466,0.906117488
Q61792,ctrl,8.047405531,0.905655887
P62918,ctrl,8.030344091,0.904734155
Q9CPU0,ctrl,8.02467301,0.904427345
Q9DBB8,ctrl,8.02467301,0.904427345
Q80X19,ctrl,8.002068558,0.903202268
Q61234,ctrl,7.99081402,0.902591023
Q9WUM4,ctrl,7.973991447,0.901675766
O55234,ctrl,7.968399652,0.901371108
Q9EPX2,ctrl,7.968399652,0.901371108
Q3U9G9,ctrl,7.962815694,0.901066664
P62908,ctrl,7.957239557,0.900762433
P62751,ctrl,7.946110678,0.90015461
Q05816,ctrl,7.923855464,0.898936545
Q9ES83,ctrl,7.91833374,0.898633802
Q9CZD3,ctrl,7.896323584,0.897424937
P63158,ctrl,7.885409181,0.896824234
P15626,ctrl,7.8798961,0.896520491
Q9R0N0,ctrl,7.868982365,0.895918572
O88844,ctrl,7.863536826,0.895617925
P38647,ctrl,7.863536826,0.895617925
Q9CR57,ctrl,7.858098818,0.895317486
P16045,ctrl,7.852668327,0.895017255
O70468,ctrl,7.847245336,0.894717231
P31001,ctrl,7.847245336,0.894717231
P15116,ctrl,7.814864036,0.892921427
P17742,ctrl,7.81213363,0.892769663
P97351,ctrl,7.780040862,0.890981878
Q9CQS4,ctrl,7.774674083,0.890682192
Q8VCT3,ctrl,7.772015255,0.890533644
Q8VCA8,ctrl,7.750809923,0.889347087
P28271,ctrl,7.719218003,0.887573306
Q99PT1,ctrl,7.708744515,0.886983652
P47754,ctrl,7.695692555,0.886247709
Q8VBV7,ctrl,7.690441475,0.885951271
O09167,ctrl,7.677493887,0.885219479
Q99J99,ctrl,7.669720779,0.884779553
Q8K0Z7,ctrl,7.669678346,0.884777151
Q9DAR7,ctrl,7.661963396,0.884340073
Q9D7H3,ctrl,7.651644595,0.88375479
P54822,ctrl,7.631048144,0.882584194
P01831,ctrl,7.631006138,0.882581803
Q6PB66,ctrl,7.60296574,0.880983033
Q9D0I9,ctrl,7.587693476,0.880109778
P62830,ctrl,7.585160979,0.879964802
Q7TQD2,ctrl,7.575047873,0.879385382
Q03249,ctrl,7.570042763,0.879098333
Q9EPC1,ctrl,7.547334283,0.877793586
Q8BZW8,ctrl,7.544869713,0.877651745
Q91W89,ctrl,7.53486369,0.8770754
P54116,ctrl,7.524843326,0.876497462
Q6ZWN5,ctrl,7.465477404,0.873057585
P56375,ctrl,7.453275633,0.872347182
Q8R0P4,ctrl,7.4410338,0.871633277
Q9CPR4,ctrl,7.438598241,0.871491103
O08600,ctrl,7.436164275,0.871348975
O55028,ctrl,7.436164275,0.871348975
Q99JR5,ctrl,7.436164275,0.871348975
Q9CQM5,ctrl,7.431301119,0.871064859
Q01815,ctrl,7.426444319,0.870780929
Q9CQN3,ctrl,7.426444319,0.870780929
P68368,ctrl,7.421593864,0.870497185
Q7TSV4,ctrl,7.416749741,0.870213625
Q99M87,ctrl,7.416749741,0.870213625
P06151,ctrl,7.411911937,0.869930251
A2AMM0,ctrl,7.407080441,0.869647061
P47911,ctrl,7.407080441,0.869647061
Q8C7H1,ctrl,7.407080441,0.869647061
Q99KK9,ctrl,7.36865405,0.867388167
Q8BWB1,ctrl,7.354307728,0.866541798
P50396,ctrl,7.344800451,0.865980001
P50608,ctrl,7.344761537,0.8659777
Q9QXS1,ctrl,7.332912077,0.865276478
Q6P9R2,ctrl,7.331748622,0.865207566
P50462,ctrl,7.32822173,0.864998601
P23591,ctrl,7.325859449,0.864858582
Q99PL5,ctrl,7.32110079,0.864576386
Q9JK53,ctrl,7.316425535,0.864298957
P23492,ctrl,7.316386922,0.864296665
Q80UP8,ctrl,7.31167912,0.864017124
P48774,ctrl,7.28355905,0.862343646
Q9Z2I8,ctrl,7.276562796,0.861926282
Q64310,ctrl,7.274233697,0.861787249
Q8BTY1,ctrl,7.274233697,0.861787249
Q9CZJ2,ctrl,7.274233697,0.861787249
P63325,ctrl,7.264932193,0.861231565
Q91WU5,ctrl,7.262572485,0.86109048
Q9EPB4,ctrl,7.255654446,0.860676591
Q8CEE7,ctrl,7.237169861,0.859568766
Q9D6Z1,ctrl,7.214121069,0.858183426
P52480,ctrl,7.209543914,0.857907792
P35700,ctrl,7.200407007,0.857357046
Q8K1M6,ctrl,7.186744988,0.856532235
P60670,ctrl,7.182202495,0.856257645
P62874,ctrl,7.182202495,0.856257645
P58771,ctrl,7.159575894,0.854887297
O88986,ctrl,7.15506767,0.854613746
P48036,ctrl,7.15506767,0.854613746
Q9CZM2,ctrl,7.121436114,0.852567583
P12849,ctrl,7.110295744,0.851887665
Q9D898,ctrl,7.110295744,0.851887665
Q61160,ctrl,7.103591836,0.851477999
P16332,ctrl,7.099153819,0.851206586
P34914,ctrl,7.092543468,0.850802006
Q6ZQ38,ctrl,7.092543468,0.850802006
Q9CZR2,ctrl,7.088046758,0.850526574
Q8QZR5,ctrl,7.083664334,0.850257974
P61982,ctrl,7.083628138,0.850255754
Q91V64,ctrl,7.083628138,0.850255754
Q9WU79,ctrl,7.083628138,0.850255754
Q9Z2Y8,ctrl,7.074807404,0.849714622
P27612,ctrl,7.057267601,0.848636586
Q04447,ctrl,7.048512353,0.848097465
Q8BK72,ctrl,7.039743054,0.847556808
P62962,ctrl,7.033207147,0.847153409
A2ADY9,ctrl,7.031031207,0.847019026
O88851,ctrl,7.031031207,0.847019026
Q65CL1,ctrl,7.026683365,0.846750384
P54923,ctrl,7.013672042,0.845945454
O70433,ctrl,7.005024564,0.845409663
Q8R016,ctrl,7.000708816,0.845142014
P14115,ctrl,6.996363073,0.844872339
Q9QZ88,ctrl,6.983463693,0.84407088
P12970,ctrl,6.974890499,0.843537394
P45591,ctrl,6.966303322,0.84300238
Q8CHP8,ctrl,6.957772184,0.842470205
Q61598,ctrl,6.945014584,0.841673162
Q922Q1,ctrl,6.928077048,0.840612709
Q62188,ctrl,6.925965663,0.840480334
P28650,ctrl,6.923890146,0.840350169
Q9D379,ctrl,6.923855564,0.840348
Q8C1B7,ctrl,6.919639223,0.840083452
P06801,ctrl,6.907020951,0.839290773
Q8CIB5,ctrl,6.902825082,0.839026868
Q9D6Y9,ctrl,6.902825082,0.839026868
P48193,ctrl,6.894448617,0.838499539
P62331,ctrl,6.894448617,0.838499539
Q02013,ctrl,6.869440756,0.836921382
Q9D5T0,ctrl,6.869406716,0.83691923
Q9D7N3,ctrl,6.861145069,0.836396602
P84099,ctrl,6.852869394,0.835872455
Q99KK7,ctrl,6.852869394,0.835872455
Q9DB29,ctrl,6.852869394,0.835872455
Q8K4G5,ctrl,6.848705203,0.835608473
P18654,ctrl,6.840459492,0.835085275
P70362,ctrl,6.836310365,0.834821771
Q8BZF8,ctrl,6.836310365,0.834821771
O08638,ctrl,6.815841062,0.833519455
Q9D819,ctrl,6.799493634,0.832476572
Q8BTE0,ctrl,6.779210733,0.831179134
P62855,ctrl,6.775168665,0.830920111
Q9D1A2,ctrl,6.775135553,0.830917989
Q9D892,ctrl,6.775135553,0.830917989
O35083,ctrl,6.763071329,0.830143968
Q62000,ctrl,6.730956608,0.828076791
P15508,ctrl,6.715045877,0.827048984
Q922H4,ctrl,6.715045877,0.827048984
Q99J09,ctrl,6.707151136,0.826538093
P24549,ctrl,6.699210188,0.826023604
Q3UM45,ctrl,6.691320319,0.82551182
Q9QVP4,ctrl,6.68738235,0.825256155
Q99PR8,ctrl,6.683449013,0.825000639
P62889,ctrl,6.670681512,0.824170206
P55264,ctrl,6.636607341,0.821946123
Q02257,ctrl,6.636607341,0.821946123
Q3TXS7,ctrl,6.636607341,0.821946123
Q9D6F9,ctrl,6.636607341,0.821946123
P08752,ctrl,6.624967676,0.821183764
Q9QZ23,ctrl,6.619178943,0.820804122
Q8BGI7,ctrl,6.605679684,0.81991751
Q6P8M1,ctrl,6.598008458,0.819412868
Q80X90,ctrl,6.586534969,0.818657002
P63001,ctrl,6.575101314,0.817902449
P63017,ctrl,6.559918047,0.816898414
P99024,ctrl,6.559918047,0.816898414
O54946,ctrl,6.544804741,0.815896694
Q5FW52,ctrl,6.544804741,0.815896694
Q8BJY1,ctrl,6.542920473,0.815771642
E9Q401,ctrl,6.537274173,0.8153967
Q6PD03,ctrl,6.525980036,0.814645741
Q9DBL1,ctrl,6.522264905,0.814398434
P98203,ctrl,6.514786087,0.81390016
Q14CH7,ctrl,6.492421783,0.812406726
Q99LP6,ctrl,6.48871438,0.812158658
Q6P1B1,ctrl,6.484980873,0.811908699
P56399,ctrl,6.472053115,0.811042073
P97429,ctrl,6.470210499,0.81091841
P53986,ctrl,6.466528413,0.81067119
Q14C51,ctrl,6.462850515,0.810424111
Q00PI9,ctrl,6.455507256,0.809930374
Q8BTM8,ctrl,6.455507256,0.809930374
Q9QUM9,ctrl,6.453674047,0.809807027
P16125,ctrl,6.446351615,0.80931399
P62858,ctrl,6.444523602,0.809190819
P63323,ctrl,6.440870685,0.80894458
P09541,ctrl,6.440840761,0.808942562
P97370,ctrl,6.437192017,0.808696464
P48410,ctrl,6.426300336,0.807961019
O08529,ctrl,6.419039854,0.807470072
P07901,ctrl,6.411795759,0.80697968
Q80UY1,ctrl,6.397297467,0.805996545
P09242,ctrl,6.386540258,0.805265654
P51859,ctrl,6.38113115,0.804897671
Q9DBC0,ctrl,6.375760519,0.804531996
P70195,ctrl,6.372185118,0.804288384
P49443,ctrl,6.365046332,0.803801569
P23242,ctrl,6.361482935,0.803558366
P56387,ctrl,6.361482935,0.803558366
Q9R1P3,ctrl,6.352591871,0.802950955
O88569,ctrl,6.347269153,0.802586915
Q3V1L4,ctrl,6.329590998,0.801375648
Q9EQ06,ctrl,6.326067177,0.801133799
O08997,ctrl,6.322547277,0.800892085
P58064,ctrl,6.319031293,0.800650506
O70251,ctrl,6.304949021,0.799681579
P62259,ctrl,6.304949021,0.799681579
Q9WUB3,ctrl,6.303200314,0.799561109
Q99L04,ctrl,6.297960008,0.799199899
Q9DCS2,ctrl,6.290986473,0.798718751
O09061,ctrl,6.270158218,0.7972785
Q99K41,ctrl,6.263246081,0.796799475
Q91WQ3,ctrl,6.232329124,0.79465038
Q9JJZ2,ctrl,6.228912738,0.794412247
P62264,ctrl,6.215284565,0.793461017
Q9WVQ5,ctrl,6.198277554,0.79227102
O08553,ctrl,6.194898387,0.792034187
Q80UG5,ctrl,6.194898387,0.792034187
Q8BHN3,ctrl,6.188151096,0.791560909
Q99JY9,ctrl,6.181418486,0.791088147
P62754,ctrl,6.178085205,0.790853894
P17225,ctrl,6.174700511,0.790615898
Q9CY27,ctrl,6.174700511,0.790615898
Q8R081,ctrl,6.164678296,0.789910418
Q60676,ctrl,6.154633913,0.789202226
P24452,ctrl,6.147973999,0.788732022
Q149B8,ctrl,6.147973999,0.788732022
Q9WVA4,ctrl,6.141301277,0.788260403
P82349,ctrl,6.114889466,0.786388611
P49722,ctrl,6.112382049,0.786210492
P58774,ctrl,6.108261415,0.785917615
P63276,ctrl,6.088623636,0.784519129
Q8VBW6,ctrl,6.088623636,0.784519129
Q7TQI3,ctrl,6.083733905,0.78417021
Q99LC8,ctrl,6.069111721,0.783125132
Q62417,ctrl,6.062635511,0.782661459
P58137,ctrl,6.056173107,0.78219828
P32921,ctrl,6.049724465,0.781735595
Q3V3R4,ctrl,6.040077211,0.78104249
Q9D7X3,ctrl,6.036868293,0.780811701
P28352,ctrl,6.030460676,0.78035049
Q6NVE9,ctrl,6.030460676,0.78035049
P22907,ctrl,6.027235761,0.78011818
Q02248,ctrl,6.027235761,0.78011818
Q9CQV8,ctrl,6.024066647,0.779889768
Q8BJ03,ctrl,6.024040469,0.779887881
P05064,ctrl,6.011267046,0.778966022
P62082,ctrl,5.992247009,0.777589707
Q9CRD0,ctrl,5.987510792,0.777246309
P19001,ctrl,5.985933716,0.777131903
Q8BFZ3,ctrl,5.985933716,0.777131903
P24369,ctrl,5.957687744,0.775077737
O08917,ctrl,5.95766214,0.775075871
P26041,ctrl,5.948331565,0.774395168
Q99KR3,ctrl,5.948331565,0.774395168
Q9R0P5,ctrl,5.946775058,0.774281511
Q60668,ctrl,5.945219365,0.774167884
Q62219,ctrl,5.942110421,0.773940718
P35762,ctrl,5.92656367,0.772802954
P62315,ctrl,5.905004818,0.771220256
Q3URD3,ctrl,5.905004818,0.771220256
Q6IRU5,ctrl,5.905004818,0.771220256
P68040,ctrl,5.901962906,0.770996476
P70266,ctrl,5.89275575,0.77031844
Q80UU9,ctrl,5.880557394,0.769418493
Q922Q8,ctrl,5.880557394,0.769418493
O08582,ctrl,5.868409436,0.768520407
Q99L43,ctrl,5.868409436,0.768520407
Q8BXK9,ctrl,5.862354259,0.768072059
Q91VF2,ctrl,5.862354259,0.768072059
P47758,ctrl,5.856311565,0.767624174
Q61738,ctrl,5.856311565,0.767624174
Q76MZ3,ctrl,5.856311565,0.767624174
Q1XH17,ctrl,5.850281316,0.76717675
Q91YE8,ctrl,5.847270845,0.766953211
P54310,ctrl,5.844214196,0.766726125
Q6P1F6,ctrl,5.844214196,0.766726125
P62827,ctrl,5.832215776,0.765833583
P97314,ctrl,5.826235022,0.765387999
Q8R2H9,ctrl,5.820266521,0.764942872
Q9CQD1,ctrl,5.814310237,0.764498201
Q80YV4,ctrl,5.806882003,0.763943001
P47757,ctrl,5.802434166,0.763610222
Q2NL51,ctrl,5.802434166,0.763610222
O55143,ctrl,5.796514305,0.763166912
Q9WV80,ctrl,5.796514305,0.763166912
Q02053,ctrl,5.790606511,0.762724054
Q9DBS1,ctrl,5.784710747,0.762281648
O55131,ctrl,5.781767365,0.762060613
P31938,ctrl,5.778826977,0.761839691
Q9JJI8,ctrl,5.778802888,0.761837881
Q64737,ctrl,5.76709527,0.760957126
Q8K212,ctrl,5.76709527,0.760957126
Q6P069,ctrl,5.761247262,0.760516515
Q8C052,ctrl,5.755387207,0.760074547
Q9QUR6,ctrl,5.755363313,0.760072744
Q9R190,ctrl,5.755363313,0.760072744
P97765,ctrl,5.743726585,0.759193758
Q9DCB8,ctrl,5.740848526,0.758976088
Q8C7X2,ctrl,5.73792585,0.758754932
Q8R146,ctrl,5.732136819,0.758316548
Q9CQF9,ctrl,5.732136819,0.758316548
Q01405,ctrl,5.730691386,0.758207021
P68037,ctrl,5.729246682,0.758097522
Q6GQT9,ctrl,5.720593731,0.757441106
A3KMP2,ctrl,5.714839603,0.757004046
P61161,ctrl,5.714839603,0.757004046
O54734,ctrl,5.711966877,0.75678568
Q8C0I1,ctrl,5.709097039,0.756567425
Q9EQH3,ctrl,5.709097039,0.756567425
Q6ZWX6,ctrl,5.706230082,0.756349279
Q9CWK8,ctrl,5.697646464,0.755695498
Q8R2Q4,ctrl,5.691915014,0.755258407
P17427,ctrl,5.681953427,0.75449767
Q91YQ5,ctrl,5.680556466,0.754390881
Q920M5,ctrl,5.679113661,0.754280561
P35278,ctrl,5.66917361,0.753519757
Q6PIE5,ctrl,5.66917361,0.753519757
P63101,ctrl,5.663545546,0.753088397
P61222,ctrl,5.663522409,0.753086623
P56395,ctrl,5.662134495,0.752980181
Q9Z1E4,ctrl,5.657882463,0.752653921
Q9Z2M7,ctrl,5.657882463,0.752653921
Q8BU30,ctrl,5.646636204,0.751789808
Q8VCF0,ctrl,5.641029823,0.751358396
Q68FD5,ctrl,5.635434564,0.750927411
Q99JW4,ctrl,5.635434564,0.750927411
O70435,ctrl,5.618715189,0.749637018
Q8CHS7,ctrl,5.618692416,0.749635258
A2AUC9,ctrl,5.607623945,0.748778882
O70209,ctrl,5.602094727,0.748350448
P08003,ctrl,5.599311589,0.748134636
Q8BG05,ctrl,5.59102384,0.747491344
Q922E4,ctrl,5.59102384,0.747491344
Q5SSK3,ctrl,5.580041544,0.746637432
Q922B2,ctrl,5.57048975,0.745893379
Q922P9,ctrl,5.569102308,0.745785196
Q3UTJ2,ctrl,5.566374197,0.745572398
A2AN08,ctrl,5.531150447,0.742815471
Q3U7R1,ctrl,5.531150447,0.742815471
Q64514,ctrl,5.504313422,0.740703155
Q9JKF7,ctrl,5.498985962,0.740282611
Q9DBF1,ctrl,5.484388483,0.73912821
Q8BIW1,ctrl,5.483065281,0.739023417
Q8BGK2,ctrl,5.467236521,0.737767863
P97355,ctrl,5.461980557,0.73735015
Q9D517,ctrl,5.461980557,0.73735015
O70493,ctrl,5.446251728,0.736097711
P48722,ctrl,5.430613228,0.734848873
P50752,ctrl,5.422838214,0.734226648
P97384,ctrl,5.420272681,0.734021135
O88544,ctrl,5.415085432,0.733605313
P61164,ctrl,5.415085432,0.733605313
Q08857,ctrl,5.399646181,0.732365303
Q9JI46,ctrl,5.397060516,0.732157288
Q811I0,ctrl,5.394519309,0.731952752
Q921T2,ctrl,5.391938551,0.731744934
P70168,ctrl,5.384294718,0.731128824
Q64010,ctrl,5.384294718,0.731128824
Q91ZJ5,ctrl,5.381723731,0.7309214
Q8BZA9,ctrl,5.379196944,0.730717445
Q9CQN1,ctrl,5.374108813,0.730306456
Q60864,ctrl,5.37408798,0.730304772
Q9DCZ1,ctrl,5.368988711,0.729892491
Q9WV35,ctrl,5.366453091,0.729687337
O55013,ctrl,5.363919864,0.729482281
Q9D5V5,ctrl,5.361409763,0.729279001
P40936,ctrl,5.35886058,0.729072458
Q8R3B1,ctrl,5.35886058,0.729072458
Q8K3C3,ctrl,5.351289523,0.728458448
P63328,ctrl,5.348770588,0.728253971
Q9WUM3,ctrl,5.341227995,0.727641117
Q6NZC7,ctrl,5.338718522,0.727437024
Q9CZW5,ctrl,5.334958731,0.727131064
P46978,ctrl,5.333706643,0.727029126
Q8BG32,ctrl,5.333706643,0.727029126
Q00519,ctrl,5.321197595,0.726009386
Q61879,ctrl,5.313752879,0.725401353
Q9D666,ctrl,5.313732511,0.725399689
Q9CPW4,ctrl,5.308787744,0.724995362
Q8CI94,ctrl,5.305049676,0.724689455
P50580,ctrl,5.303831879,0.724589749
Q9CR88,ctrl,5.301337141,0.724385424
Q9WV60,ctrl,5.29884475,0.724181195
P62196,ctrl,5.291442208,0.723574057
Q8R0N6,ctrl,5.288979288,0.723371866
P49312,ctrl,5.279150493,0.722564043
Q9DBG6,ctrl,5.279150493,0.722564043
P18572,ctrl,5.271802837,0.721959159
P58252,ctrl,5.271802837,0.721959159
P48787,ctrl,5.264475605,0.721355118
Q91W90,ctrl,5.264475605,0.721355118
Q9CZ44,ctrl,5.264475605,0.721355118
P26040,ctrl,5.259602089,0.720952889
Q8R2G4,ctrl,5.259602089,0.720952889
Q99K48,ctrl,5.259602089,0.720952889
Q6ZWY3,ctrl,5.257168714,0.720751915
P70170,ctrl,5.249882077,0.720149548
Q6PAM0,ctrl,5.247457685,0.719948945
P31230,ctrl,5.245035531,0.719748435
Q9JHK4,ctrl,5.225699104,0.718144399
Q91V92,ctrl,5.220897085,0.717745132
Q80SU7,ctrl,5.211319474,0.716947698
Q9D773,ctrl,5.211319474,0.716947698
Q8VDQ1,ctrl,5.200586578,0.716052331
O08663,ctrl,5.192269286,0.715357208
Q8BTZ7,ctrl,5.192269286,0.715357208
P70268,ctrl,5.182796325,0.714564142
Q9CWU6,ctrl,5.180414125,0.714364479
P26516,ctrl,5.178072796,0.714168152
Q9R233,ctrl,5.178072796,0.714168152
O55142,ctrl,5.175694934,0.71396867
P99026,ctrl,5.17451648,0.713869774
Q9Z1Z0,ctrl,5.170984334,0.713573222
O35459,ctrl,5.166282301,0.713178134
Q99LF4,ctrl,5.166282301,0.713178134
Q05BC3,ctrl,5.159245262,0.712586174
P54797,ctrl,5.159226061,0.712584558
O35381,ctrl,5.154545378,0.712190367
Q9CWZ7,ctrl,5.154545378,0.712190367
Q7TSE6,ctrl,5.149873179,0.711796534
Q9CPS6,ctrl,5.149873179,0.711796534
P84084,ctrl,5.135907266,0.710617174
Q9R0Q3,ctrl,5.135907266,0.710617174
Q9DC29,ctrl,5.13126878,0.710224764
Q3TJZ6,ctrl,5.126638664,0.709832709
Q02357,ctrl,5.112798316,0.708658662
Q99JY3,ctrl,5.101302878,0.70768111
Q9Z0F7,ctrl,5.101302878,0.70768111
P39061,ctrl,5.099032497,0.70748778
Q3ULF4,ctrl,5.099032497,0.70748778
Q91VI7,ctrl,5.099032497,0.70748778
Q91XD2,ctrl,5.099032497,0.70748778
Q9CRB6,ctrl,5.089859016,0.706705753
Q9Z2U0,ctrl,5.089859016,0.706705753
Q9CXV1,ctrl,5.078484988,0.705734173
P12382,ctrl,5.071684939,0.705152267
P61014,ctrl,5.06716168,0.704764762
Q9JIF9,ctrl,5.06716168,0.704764762
Q9WVL3,ctrl,5.062646483,0.704377602
P37040,ctrl,5.058139325,0.703990788
P47955,ctrl,5.040190662,0.702446965
Q8BP47,ctrl,5.026776081,0.70128954
Q8VE97,ctrl,5.026776081,0.70128954
Q91V41,ctrl,5.026776081,0.70128954
Q9JKV1,ctrl,5.026776081,0.70128954
Q9CWE0,ctrl,5.024571538,0.701099034
O08528,ctrl,5.02013189,0.700715127
Q9D8W5,ctrl,5.017915007,0.700523301
O70591,ctrl,5.017896844,0.700521729
G5E8K5,ctrl,5.013468978,0.700138332
P27773,ctrl,5.013468978,0.700138332
Q9R0Q7,ctrl,5.000232144,0.698990168
Q07076,ctrl,4.995835385,0.69860812
Q91VJ4,ctrl,4.991446352,0.698226408
Q9D8S9,ctrl,4.98923677,0.698034114
P97494,ctrl,4.98269138,0.697463988
O35593,ctrl,4.973967067,0.696702905
P62204,ctrl,4.965255467,0.695941598
Q60902,ctrl,4.95875507,0.695372658
O88492,ctrl,4.95225398,0.69480291
Q505F5,ctrl,4.950096628,0.694613677
O54962,ctrl,4.947941155,0.694424526
Q811D0,ctrl,4.947941155,0.694424526
Q99KC8,ctrl,4.941485985,0.693857568
Q8CGC7,ctrl,4.935047635,0.693291349
Q8VHX6,ctrl,4.932905245,0.693102773
Q9DCT8,ctrl,4.926489222,0.692537537
Q9JK42,ctrl,4.926489222,0.692537537
Q8BZ52,ctrl,4.925421507,0.692443402
P10126,ctrl,4.920072405,0.691971494
O08585,ctrl,4.905187784,0.690655638
P47857,ctrl,4.892515832,0.68953224
Q9CXI5,ctrl,4.890410203,0.689345289
O88685,ctrl,4.888306386,0.689158418
P51660,ctrl,4.888306386,0.689158418
Q6ZWV3,ctrl,4.884104176,0.688784919
P26039,ctrl,4.871540785,0.687666343
Q9WV55,ctrl,4.871540785,0.687666343
Q9Z1T1,ctrl,4.871540785,0.687666343
P18872,ctrl,4.859041861,0.686550641
P35585,ctrl,4.854889794,0.686179376
Q8VEH6,ctrl,4.846573023,0.685434761
Q9WUZ7,ctrl,4.846573023,0.685434761
P09055,ctrl,4.842459143,0.685065965
Q9Z2Y3,ctrl,4.838318469,0.684694451
Q8K2C9,ctrl,4.830091986,0.683955402
Q8C0M9,ctrl,4.813722659,0.682481065
P97493,ctrl,4.805579532,0.681745769
Q61937,ctrl,4.805579532,0.681745769
Q9CXW2,ctrl,4.805579532,0.681745769
Q9JKF1,ctrl,4.801518291,0.681378588
Q6PHZ2,ctrl,4.795422697,0.680826894
Q62465,ctrl,4.793416369,0.680645155
Q61033,ctrl,4.793399794,0.680643653
Q9D0E1,ctrl,4.781281639,0.679544326
O88545,ctrl,4.773247809,0.678813982
P10852,ctrl,4.773247809,0.678813982
P24547,ctrl,4.773247809,0.678813982
P97379,ctrl,4.765240931,0.678084863
Q6PDM2,ctrl,4.765240931,0.678084863
Q9D967,ctrl,4.765240931,0.678084863
Q9QZ06,ctrl,4.765240931,0.678084863
Q5FW53,ctrl,4.75726087,0.677356967
O88587,ctrl,4.749307492,0.676630289
Q921L3,ctrl,4.745340767,0.676267405
Q9JJU8,ctrl,4.741380663,0.675904824
Q9R1P0,ctrl,4.741380663,0.675904824
P54775,ctrl,4.739386886,0.675722163
Q61553,ctrl,4.739386886,0.675722163
Q3TC93,ctrl,4.733464089,0.675179087
P62077,ctrl,4.733447926,0.675177604
Q9CQR6,ctrl,4.725573906,0.67445456
Q62261,ctrl,4.721646712,0.674093489
Q8BH61,ctrl,4.717742094,0.673734196
P97371,ctrl,4.717726039,0.673732718
Q9R0M4,ctrl,4.717726039,0.673732718
O88543,ctrl,4.713811872,0.673372246
Q03958,ctrl,4.707952785,0.672832099
Q9QYG0,ctrl,4.702108245,0.672292623
P35564,ctrl,4.69433806,0.671574362
Q9D1Q6,ctrl,4.686577669,0.670855819
Q8BUE4,ctrl,4.678842894,0.670138463
Q9D710,ctrl,4.678842894,0.670138463
P42225,ctrl,4.671149348,0.669423753
Q3TMP8,ctrl,4.663481061,0.668710217
Q69ZP3,ctrl,4.65583791,0.667997852
O54950,ctrl,4.644420044,0.666931491
Q3UPL0,ctrl,4.644404484,0.666930036
Q8BG67,ctrl,4.640626523,0.666576618
Q6ZPR5,ctrl,4.633058042,0.665867741
Q8K1N1,ctrl,4.633058042,0.665867741
Q8K010,ctrl,4.61421369,0.664097703
Q99P30,ctrl,4.612340752,0.663921385
P61087,ctrl,4.610469334,0.663745138
Q9D1X0,ctrl,4.602998822,0.663040864
P35235,ctrl,4.599272637,0.662689155
Q6URW6,ctrl,4.593694657,0.662162124
Q8R1Q8,ctrl,4.591838336,0.66198659
Q9JIS8,ctrl,4.591838336,0.66198659
Q7TMY8,ctrl,4.577041604,0.66058486
Q9CQB5,ctrl,4.565976408,0.659533663
Q99KJ8,ctrl,4.558649273,0.65883618
Q9Z0E6,ctrl,4.554994517,0.658487858
P31428,ctrl,4.544065325,0.657444566
P84091,ctrl,4.544065325,0.657444566
P21956,ctrl,4.536808287,0.656750428
Q8BPB5,ctrl,4.536808287,0.656750428
Q7TMK9,ctrl,4.53679344,0.656749006
Q9JHU4,ctrl,4.533188454,0.656403774
P35123,ctrl,4.529574392,0.656057397
Q8JZQ9,ctrl,4.529574392,0.656057397
P80317,ctrl,4.527754734,0.655882893
Q9JLC8,ctrl,4.522348777,0.655364053
Q9JLN9,ctrl,4.515146177,0.654671815
Q62523,ctrl,4.50978494,0.654155832
P50136,ctrl,4.507981143,0.653982091
O35382,ctrl,4.493719079,0.652605919
Q93092,ctrl,4.490167653,0.652262557
P57780,ctrl,4.486621835,0.651919466
P14602,ctrl,4.474255453,0.650720776
O54890,ctrl,4.47249439,0.650549804
P99027,ctrl,4.465435211,0.649863793
P14211,ctrl,4.463695455,0.649694556
P57776,ctrl,4.461928332,0.64952259
P68254,ctrl,4.457566805,0.649097861
Q6PAV2,ctrl,4.454931073,0.648840989
O54879,ctrl,4.451440667,0.648500589
P61759,ctrl,4.451440667,0.648500589
P53810,ctrl,4.444476237,0.647820589
P08113,ctrl,4.437533566,0.647141651
Q8BMK4,ctrl,4.437533566,0.647141651
Q61316,ctrl,4.435801286,0.646972082
Q68FL6,ctrl,4.434070358,0.64680258
Q8VE88,ctrl,4.434070358,0.64680258
Q9WTM5,ctrl,4.413375997,0.644770929
Q9QXG4,ctrl,4.409950378,0.644433703
Q61151,ctrl,4.406530073,0.644096738
Q8BLF1,ctrl,4.406530073,0.644096738
Q8R5J9,ctrl,4.40311507,0.643760035
Q6IRU2,ctrl,4.396300918,0.643087411
Q3UIZ8,ctrl,4.389507824,0.642415828
Q6PEB6,ctrl,4.382735692,0.641745281
Q91YN9,ctrl,4.382735692,0.641745281
P05977,ctrl,4.379343621,0.641409023
P80315,ctrl,4.37260279,0.640740028
P55096,ctrl,4.365868929,0.640070693
Q9DBG5,ctrl,4.355841153,0.639072034
Q68EF0,ctrl,4.355827466,0.639070669
Q6P6L0,ctrl,4.355827466,0.639070669
Q8BUV3,ctrl,4.34915878,0.638405263
P42932,ctrl,4.342510482,0.637740875
P26043,ctrl,4.339193949,0.637409062
O89053,ctrl,4.335882478,0.637077502
Q99JB8,ctrl,4.335882478,0.637077502
P29758,ctrl,4.330911207,0.63657928
Q8C878,ctrl,4.330911207,0.63657928
P11499,ctrl,4.327612362,0.636248353
Q8VIJ6,ctrl,4.327612362,0.636248353
Q9Z1N5,ctrl,4.322660026,0.63575108
Q8BZJ7,ctrl,4.319373734,0.635420783
Q61035,ctrl,4.316092434,0.635090737
Q78JE5,ctrl,4.316092434,0.635090737
Q60710,ctrl,4.312816116,0.634760942
P20029,ctrl,4.309544768,0.634431397
Q91YR1,ctrl,4.309544768,0.634431397
Q61599,ctrl,4.307910955,0.634266718
Q8VEE1,ctrl,4.306291756,0.63410345
Q99P72,ctrl,4.30627838,0.634102101
P01867,ctrl,4.303016939,0.633773056
P57759,ctrl,4.303016939,0.633773056
Q9ES46,ctrl,4.296495539,0.633114365
Q63844,ctrl,4.283538332,0.631802658
Q9JMC3,ctrl,4.283538332,0.631802658
Q9CQE8,ctrl,4.280324449,0.63147669
Q9CX56,ctrl,4.26423528,0.629841159
Q99KQ4,ctrl,4.257843891,0.629189734
P51410,ctrl,4.251471633,0.628539286
Q8VDM4,ctrl,4.248279632,0.628213095
P14685,ctrl,4.240365956,0.627403339
P56565,ctrl,4.240352985,0.627402011
Q62418,ctrl,4.240352985,0.627402011
O35074,ctrl,4.238784165,0.627241303
P63242,ctrl,4.238784165,0.627241303
Q9JMA1,ctrl,4.232442942,0.626591112
P46638,ctrl,4.226159313,0.625945865
A2A8U2,ctrl,4.22614643,0.625944541
Q9Z1W9,ctrl,4.216736711,0.624976485
Q6P5E4,ctrl,4.213609443,0.624654279
P80318,ctrl,4.201146618,0.623367839
O08579,ctrl,4.194942812,0.622726045
O54984,ctrl,4.191835099,0.62240419
P23927,ctrl,4.182564765,0.621442675
Q9Z2C5,ctrl,4.176415676,0.620803717
P51163,ctrl,4.174881228,0.620644125
P47941,ctrl,4.165698166,0.619687799
Q60936,ctrl,4.162646115,0.619369491
P53612,ctrl,4.156555412,0.618733575
Q91Z83,ctrl,4.15503552,0.618574741
Q9ER00,ctrl,4.15503552,0.618574741
Q7M6Y3,ctrl,4.151999069,0.618257247
Q9R069,ctrl,4.151999069,0.618257247
Q9CQM9,ctrl,4.14593946,0.617622956
Q9WU28,ctrl,4.144414931,0.61746323
P70414,ctrl,4.133848497,0.616354556
P54726,ctrl,4.127841714,0.615723035
P62821,ctrl,4.124844864,0.615407619
Q8K2I1,ctrl,4.124844864,0.615407619
O08788,ctrl,4.121852362,0.615092432
Q91VR5,ctrl,4.121852362,0.615092432
Q99JI4,ctrl,4.118864199,0.614777473
Q80VP1,ctrl,4.103988138,0.613206097
Q5FWK3,ctrl,4.101013679,0.612891218
Q9DCG9,ctrl,4.101001548,0.612889933
Q8BHG2,ctrl,4.098055643,0.612577851
O89103,ctrl,4.098043529,0.612576567
P46471,ctrl,4.092140275,0.611950513
P80313,ctrl,4.082583677,0.610935095
P70670,ctrl,4.078919937,0.610545181
Q9D6K5,ctrl,4.075993676,0.610233502
Q9WU78,ctrl,4.074532119,0.610077746
Q6PDI5,ctrl,4.071612149,0.609766402
P12815,ctrl,4.06869636,0.60945528
Q9Z2U1,ctrl,4.06869636,0.60945528
Q61233,ctrl,4.051265273,0.607590681
Q80U93,ctrl,4.051265273,0.607590681
P36993,ctrl,4.049833224,0.607437139
Q9QZQ1,ctrl,4.048390365,0.607282383
P56812,ctrl,4.045495924,0.606971768
Q8BVQ5,ctrl,4.036872645,0.606045048
Q8BRT1,ctrl,4.02828605,0.605120302
O35678,ctrl,4.026858501,0.604966369
Q8R010,ctrl,4.011210373,0.60327544
Q6ZQ73,ctrl,3.999902941,0.602049453
P18760,ctrl,3.997088918,0.60174381
Q9CQ80,ctrl,3.988670556,0.600828167
Q6P8X1,ctrl,3.983077987,0.60021881
Q9JLV5,ctrl,3.983077987,0.60021881
Q9QUM0,ctrl,3.983077987,0.60021881
Q9R013,ctrl,3.983077987,0.60021881
P42208,ctrl,3.971917006,0.599000165
Q61187,ctrl,3.971917006,0.599000165
Q91YP2,ctrl,3.971917006,0.599000165
Q9CZN8,ctrl,3.952574505,0.596880065
Q8C8R3,ctrl,3.949815404,0.596576799
Q8JZN7,ctrl,3.922534679,0.593566792
Q9QXT0,ctrl,3.921181086,0.593416899
P14142,ctrl,3.917125907,0.592967531
Q922R8,ctrl,3.917125907,0.592967531
P09470,ctrl,3.91173203,0.592369096
P27546,ctrl,3.906352988,0.591771485
Q8VCT4,ctrl,3.906352988,0.591771485
Q99PU8,ctrl,3.906352988,0.591771485
Q9EQH2,ctrl,3.900966765,0.59117225
Q9DB70,ctrl,3.884962171,0.589386794
P70372,ctrl,3.88363438,0.589238337
P28798,ctrl,3.879656449,0.58879327
P70336,ctrl,3.8743652,0.588200555
Q6ZWQ0,ctrl,3.8743652,0.588200555
P30416,ctrl,3.86644455,0.587311786
Q8CDN6,ctrl,3.86644455,0.587311786
P29595,ctrl,3.863804345,0.587015127
P62869,ctrl,3.863804345,0.587015127
Q80WJ7,ctrl,3.853322329,0.585835339
P67871,ctrl,3.84810262,0.585246645
P62814,ctrl,3.845498064,0.584952597
Q4VAA2,ctrl,3.842897032,0.584658748
Q9JIF7,ctrl,3.840299516,0.584365098
O35841,ctrl,3.837705509,0.584071646
P40124,ctrl,3.837705509,0.584071646
Q8VBT9,ctrl,3.827353864,0.582898617
Q9DCT1,ctrl,3.826065154,0.582752361
P60766,ctrl,3.824766758,0.582604956
Q8BGQ7,ctrl,3.811935923,0.581145592
Q8R1B4,ctrl,3.811935923,0.581145592
Q9D1G1,ctrl,3.80938008,0.580854306
Q9Z2G9,ctrl,3.806827661,0.580563216
Q3TEA8,ctrl,3.781469717,0.577660627
P68510,ctrl,3.780222023,0.577517308
Q3TZZ7,ctrl,3.780211715,0.577516124
P56695,ctrl,3.778954551,0.577371669
Q8QZY1,ctrl,3.776442728,0.577082903
Q9CR16,ctrl,3.766428741,0.575929755
Q8BFY9,ctrl,3.761441637,0.575354328
Q9CPT4,ctrl,3.761441637,0.575354328
O70400,ctrl,3.75148664,0.574203404
Q923B6,ctrl,3.746539001,0.573630258
Q01853,ctrl,3.744070072,0.573343968
Q63850,ctrl,3.741604395,0.573057867
B2RXS4,ctrl,3.73668277,0.57248623
Q60749,ctrl,3.735454387,0.572343438
P63330,ctrl,3.728090986,0.571486503
Q60605,ctrl,3.721995278,0.570775818
Q8VE62,ctrl,3.717105138,0.570204845
Q61239,ctrl,3.712247712,0.569636948
Q9D1D4,ctrl,3.707402965,0.569069793
Q9WV02,ctrl,3.707402965,0.569069793
Q3KNM2,ctrl,3.702570847,0.568503377
Q9CQ19,ctrl,3.702570847,0.568503377
Q8BHL8,ctrl,3.691744501,0.567231637
Q5H8C4,ctrl,3.683348109,0.566242765
O70310,ctrl,3.676198253,0.565398924
Q8BG95,ctrl,3.673830868,0.565119159
O08547,ctrl,3.6690761,0.56455672
Q3U0M1,ctrl,3.6690761,0.56455672
P70704,ctrl,3.66434331,0.563996156
Q3V009,ctrl,3.636181931,0.560645604
Q99L47,ctrl,3.630373333,0.559951288
Q78ZA7,ctrl,3.619955037,0.558703176
Q6PA06,ctrl,3.617650074,0.558426556
P49813,ctrl,3.613039524,0.557872712
P26638,ctrl,3.608450104,0.557320705
Q9D2R6,ctrl,3.605015684,0.556907158
O55022,ctrl,3.601587794,0.556494006
Q9JM76,ctrl,3.601587794,0.556494006
Q9Z0Y1,ctrl,3.600446613,0.556356376
Q6PB44,ctrl,3.599306154,0.556218789
Q8C6K9,ctrl,3.599306154,0.556218789
Q6ZPE2,ctrl,3.594751535,0.555668878
P18242,ctrl,3.585658243,0.554568894
Q9QYJ0,ctrl,3.585658243,0.554568894
Q9Z126,ctrl,3.585658243,0.554568894
P24270,ctrl,3.574379157,0.553200619
P35441,ctrl,3.563170809,0.551836642
Q8K0D5,ctrl,3.560937569,0.55156436
P10107,ctrl,3.559821998,0.551428282
Q6A0A9,ctrl,3.556470353,0.551019193
Q7TSH2,ctrl,3.554236389,0.550746309
Q9WUA3,ctrl,3.554236389,0.550746309
Q9WUK2,ctrl,3.554236389,0.550746309
Q99M71,ctrl,3.552014331,0.550474709
Q8VEK3,ctrl,3.54979505,0.550203279
P07724,ctrl,3.545364796,0.549660928
P40336,ctrl,3.536537381,0.548578253
Q60649,ctrl,3.535437044,0.548443108
P80314,ctrl,3.532140137,0.548037926
Q8VHY0,ctrl,3.522277258,0.546823539
Q3UMF0,ctrl,3.518995906,0.546418762
Q61210,ctrl,3.518995906,0.546418762
Q7TSQ8,ctrl,3.514642148,0.545881113
Q8VDD5,ctrl,3.508131674,0.545075886
Q9D0B6,ctrl,3.505966873,0.544807808
P61979,ctrl,3.488726611,0.542666938
Q9CWX2,ctrl,3.484447385,0.542133911
A3KG59,ctrl,3.482311707,0.541867643
P35283,ctrl,3.475920349,0.541069816
P62192,ctrl,3.475920349,0.541069816
Q9JKR6,ctrl,3.474857403,0.540936987
Q66JZ4,ctrl,3.467434946,0.540008322
Q9Z1D1,ctrl,3.458973609,0.538947249
Q9JHR7,ctrl,3.455826321,0.538551908
Q62048,ctrl,3.452667556,0.538154764
Q921F2,ctrl,3.438042471,0.536311237
O35344,ctrl,3.42765466,0.53499706
P80316,ctrl,3.409144111,0.53264536
Q923T9,ctrl,3.409144111,0.53264536
P30999,ctrl,3.407099717,0.532384844
Q64378,ctrl,3.400964533,0.531602103
Q9D0F3,ctrl,3.39284072,0.530563472
Q9JHS3,ctrl,3.38879335,0.530045086
P17879,ctrl,3.384755624,0.529527319
P56394,ctrl,3.384755624,0.529527319
Q9EQK5,ctrl,3.376708971,0.528493632
O35566,ctrl,3.372683563,0.527975596
P51125,ctrl,3.35971994,0.526303077
O88746,ctrl,3.356742475,0.525918024
Q62147,ctrl,3.355003996,0.525693042
B2RQC6,ctrl,3.35278072,0.52540515
Q9JHJ0,ctrl,3.350803348,0.525148941
Q922Y1,ctrl,3.344869059,0.524379121
Q8BK64,ctrl,3.338979879,0.523613802
Q62448,ctrl,3.333095372,0.522847741
E9Q557,ctrl,3.327239556,0.522084071
Q91YS8,ctrl,3.323339129,0.521574661
P23116,ctrl,3.305927374,0.519293309
P60335,ctrl,3.305927374,0.519293309
B1AY13,ctrl,3.30208459,0.518788195
Q3B7Z2,ctrl,3.298250731,0.518283667
Q99K51,ctrl,3.298250731,0.518283667
P46737,ctrl,3.296329299,0.518030591
Q6A0D4,ctrl,3.286786796,0.516771534
Q8R2Y2,ctrl,3.284886478,0.516520365
P22892,ctrl,3.282988356,0.516269342
P10605,ctrl,3.281092426,0.516018464
P11983,ctrl,3.277307129,0.515517143
Q8BRF7,ctrl,3.275417754,0.515266699
O70194,ctrl,3.271645532,0.514766244
P22599,ctrl,3.267881988,0.514266365
P70698,ctrl,3.260365481,0.513266286
Q80XL6,ctrl,3.25663548,0.51276915
Q8BH04,ctrl,3.249178177,0.511773528
Q80TV8,ctrl,3.245466117,0.511277079
Q9QUR7,ctrl,3.239906332,0.510532455
Q8BTX9,ctrl,3.231613578,0.509419424
P17426,ctrl,3.223355673,0.508308229
Q9D0R2,ctrl,3.223355673,0.508308229
O88712,ctrl,3.212420485,0.506832387
Q78PY7,ctrl,3.212420485,0.506832387
Q61166,ctrl,3.20696583,0.506094333
Q9JLV1,ctrl,3.205164076,0.505850266
P40240,ctrl,3.205156666,0.505849262
Q9D1P4,ctrl,3.194344402,0.504381738
P53994,ctrl,3.190756507,0.503893664
Q71FD7,ctrl,3.188063539,0.503526968
Q9QZH6,ctrl,3.18359022,0.502917162
Q61699,ctrl,3.180033723,0.502431726
Q8VHL1,ctrl,3.180026428,0.502430729
Q6P549,ctrl,3.176470607,0.501944841
Q99M01,ctrl,3.172922729,0.501459496
Q9JK92,ctrl,3.172922729,0.501459496
Q9CQC9,ctrl,3.17115176,0.501217026
Q6P4T2,ctrl,3.166725741,0.500610452
Q5SVR0,ctrl,3.165850696,0.500490429
Q99PV0,ctrl,3.162326488,0.500006706
Q8R4S0,ctrl,3.153535853,0.498797773
Q61743,ctrl,3.152668081,0.49867825
P62141,ctrl,3.148293472,0.498075209
Q64511,ctrl,3.137860825,0.496633677
Q3TCH7,ctrl,3.120611837,0.494239751
O55029,ctrl,3.110347587,0.492808925
Q9Z0N1,ctrl,3.101857052,0.49162178
Q9R0H0,ctrl,3.100164504,0.491384739
Q61990,ctrl,3.083326352,0.489019495
Q99KF1,ctrl,3.083326352,0.489019495
Q8CIN4,ctrl,3.076647657,0.488077763
Q91V01,ctrl,3.066683688,0.486668983
P05132,ctrl,3.063369922,0.486199444
P97372,ctrl,3.063363153,0.486198484
Q61249,ctrl,3.053484906,0.484795777
Q8BY87,ctrl,3.053484906,0.484795777
O35286,ctrl,3.037148668,0.482466051
P13020,ctrl,3.01938741,0.47991884
Q8BJS4,ctrl,3.01938741,0.47991884
Q3U0S6,ctrl,3.005008066,0.477845642
A6H611,ctrl,3.000247503,0.477157083
P70313,ctrl,2.999455542,0.477042429
Q8C6I2,ctrl,2.998663998,0.476927806
P32020,ctrl,2.990758579,0.475781357
P11103,ctrl,2.989185073,0.475552805
O70252,ctrl,2.982907569,0.474639796
Q60875,ctrl,2.979778694,0.474184011
Q8CGB6,ctrl,2.978210319,0.473955364
A2AQ25,ctrl,2.976656377,0.473728703
Q61387,ctrl,2.973540596,0.473273872
Q62446,ctrl,2.971978778,0.473045704
Q5SSW2,ctrl,2.967315858,0.472363778
Q9EQP2,ctrl,2.967315858,0.472363778
Q60714,ctrl,2.96421959,0.471910373
P26645,ctrl,2.958046399,0.471004982
Q6ZQB6,ctrl,2.958046399,0.471004982
Q9CZ04,ctrl,2.956500812,0.470778003
Q7TT50,ctrl,2.951898867,0.470101474
Q61133,ctrl,2.951892581,0.47010055
P60843,ctrl,2.945770574,0.46919892
Q9CX80,ctrl,2.942712837,0.468747884
Q8BYJ6,ctrl,2.939667674,0.468298237
Q64462,ctrl,2.933596217,0.467400337
Q8CIZ8,ctrl,2.932076068,0.467175233
P09528,ctrl,2.930569884,0.466952082
Q9CYZ2,ctrl,2.92452974,0.466056042
Q9CQY6,ctrl,2.912529962,0.464270402
Q9CR09,ctrl,2.906563878,0.463379872
O35887,ctrl,2.894710781,0.461605179
Q9QXB9,ctrl,2.894710781,0.461605179
O35685,ctrl,2.885876698,0.460277771
P61148,ctrl,2.882947971,0.459836805
P09103,ctrl,2.865487838,0.45719857
Q8BMJ2,ctrl,2.861158753,0.456541955
Q9JHL1,ctrl,2.859718629,0.456323305
P63005,ctrl,2.853972605,0.4554498
O88667,ctrl,2.85396673,0.455448906
Q9CYT6,ctrl,2.845385053,0.454141046
P70398,ctrl,2.839696428,0.453271915
Q921N7,ctrl,2.817156132,0.449810917
Q64012,ctrl,2.814365159,0.449380446
Q9EQU5,ctrl,2.814365159,0.449380446
Q5EBG8,ctrl,2.81157971,0.4489504
Q05144,ctrl,2.800481518,0.447232711
Q9Z1G4,ctrl,2.800481518,0.447232711
Q6ZQ08,ctrl,2.79772347,0.446804786
Q9JLI8,ctrl,2.79772347,0.446804786
P62334,ctrl,2.792223639,0.445950199
Q8BGT5,ctrl,2.792223639,0.445950199
P28654,ctrl,2.784003135,0.44466972
Q9JIF0,ctrl,2.769077532,0.442335116
Q8VDJ3,ctrl,2.759651476,0.440854237
Q9R0L6,ctrl,2.759651476,0.440854237
Q5DTJ9,ctrl,2.756973226,0.440432549
P47811,ctrl,2.756304475,0.44032719
Q9CU62,ctrl,2.751632291,0.439590397
Q5DTX6,ctrl,2.741001422,0.437909261
O09164,ctrl,2.72783048,0.435817378
Q3TL26,ctrl,2.712204208,0.433322385
Q62086,ctrl,2.712204208,0.433322385
Q58A65,ctrl,2.696745453,0.430839955
Q9ERK4,ctrl,2.695466048,0.430633866
P61082,ctrl,2.691629879,0.430015341
P29416,ctrl,2.691624653,0.430014497
Q8K4L3,ctrl,2.690355321,0.429809642
Q9QYB1,ctrl,2.683995402,0.428781768
Q61768,ctrl,2.673879776,0.427141877
Q8BYK6,ctrl,2.671365347,0.426733288
Q9DCL9,ctrl,2.669482625,0.426427099
Q9JK48,ctrl,2.663850351,0.425509824
Q8BGB8,ctrl,2.6588638,0.424696091
Q8K4Z5,ctrl,2.651408737,0.423476683
Q9CQV1,ctrl,2.651408737,0.423476683
O54774,ctrl,2.642161083,0.421959291
P28653,ctrl,2.637862531,0.421252159
Q99L45,ctrl,2.637862531,0.421252159
O08715,ctrl,2.63663336,0.421049743
P97290,ctrl,2.63663336,0.421049743
Q9CR13,ctrl,2.630529602,0.420043193
P19096,ctrl,2.626880893,0.419440382
Q91VK1,ctrl,2.626880893,0.419440382
Q9ER72,ctrl,2.624454038,0.419038971
Q3UH68,ctrl,2.617190424,0.417835323
O88653,ctrl,2.60518476,0.415838529
P05125,ctrl,2.60518476,0.415838529
Q6PGB6,ctrl,2.598032139,0.414644519
P97742,ctrl,2.594472964,0.414049149
P55284,ctrl,2.588562628,0.413058677
Q5EBG6,ctrl,2.585024514,0.412464666
Q9CQK7,ctrl,2.581496058,0.411871466
Q8BVZ1,ctrl,2.5791523,0.411476988
Q99020,ctrl,2.572146491,0.410295699
Q60631,ctrl,2.569810143,0.409901039
Q9EQW7,ctrl,2.566907554,0.409410228
Q8BX02,ctrl,2.559391417,0.408136709
Q9Z130,ctrl,2.558238993,0.407941114
P98192,ctrl,2.552487707,0.406963659
Q80U63,ctrl,2.546762222,0.405988399
Q9QXZ0,ctrl,2.541067024,0.40501612
Q9DC77,ctrl,2.541062366,0.405015324
Q9EPU0,ctrl,2.53879607,0.404627817
P62137,ctrl,2.537652824,0.404432206
Q9CQ22,ctrl,2.537652824,0.404432206
Q9QZD9,ctrl,2.535387966,0.404044425
Q9CQP0,ctrl,2.533127147,0.403656989
P97467,ctrl,2.528617583,0.402883154
P35293,ctrl,2.519637295,0.401338028
Q8BIF0,ctrl,2.519637295,0.401338028
Q501J2,ctrl,2.51295066,0.400183962
Q6PD31,ctrl,2.511284543,0.399895924
P10630,ctrl,2.50740098,0.399223791
Q5XJY5,ctrl,2.506299421,0.399032954
Q61595,ctrl,2.501875758,0.398265739
Q5GIG6,ctrl,2.499674284,0.397883422
Q99MR9,ctrl,2.497476681,0.397501442
Q922D8,ctrl,2.493093047,0.396738487
Q8VD75,ctrl,2.488715839,0.395975312
Q9WVE8,ctrl,2.486541914,0.395595784
Q9Z1Z2,ctrl,2.486537454,0.395595005
Q501J6,ctrl,2.475702481,0.393698452
P39447,ctrl,2.469237907,0.392562935
Q8C0L9,ctrl,2.469237907,0.392562935
Q9JMH9,ctrl,2.469237907,0.392562935
Q9Z1Q5,ctrl,2.467093472,0.392185604
Q8CIE6,ctrl,2.458548489,0.390678778
Q70KF4,ctrl,2.458544129,0.390678008
Q91WK2,ctrl,2.450062495,0.389177162
Q8BK03,ctrl,2.437440635,0.386934047
Q9DBH5,ctrl,2.432744102,0.386096428
Q8BRK8,ctrl,2.427019918,0.385073341
P51150,ctrl,2.425983594,0.38488786
O55135,ctrl,2.416696351,0.383222086
Q9D7S9,ctrl,2.416696351,0.383222086
Q8CGY6,ctrl,2.400347615,0.38027414
Q3TFQ1,ctrl,2.400343459,0.380273388
Q8K310,ctrl,2.398321118,0.379907332
Q9JJ28,ctrl,2.398321118,0.379907332
Q99P31,ctrl,2.39225798,0.378808012
Q9CY58,ctrl,2.388235632,0.378077174
P09405,ctrl,2.38622542,0.377711468
Q00897,ctrl,2.384218588,0.37734607
Q3U1J4,ctrl,2.376237123,0.375889776
Q924C5,ctrl,2.364366636,0.373714822
O88967,ctrl,2.362400414,0.37335351
Q9D1E6,ctrl,2.360437458,0.372992498
Q9D832,ctrl,2.360437458,0.372992498
Q61749,ctrl,2.356513307,0.372269896
Q8BU85,ctrl,2.353584738,0.371729839
Q922D4,ctrl,2.348719933,0.370831234
Q8CC21,ctrl,2.344842545,0.370113685
Q9Z204,ctrl,2.336157182,0.36850206
Q8BHG1,ctrl,2.316141988,0.36476518
Q5SW19,ctrl,2.314258987,0.364411959
Q8BX70,ctrl,2.310490602,0.363704206
Q9ERR7,ctrl,2.304862895,0.362645096
Q80X50,ctrl,2.296474453,0.361061618
P63085,ctrl,2.284462954,0.35878412
Q6ZWR6,ctrl,2.273485831,0.356692252
Q5SWU9,ctrl,2.272122034,0.356431653
Q8BKC5,ctrl,2.266231108,0.355304197
Q9CX34,ctrl,2.255428084,0.353228984
Q9DCH4,ctrl,2.251845051,0.352538503
Q8BK63,ctrl,2.24295522,0.350820603
P0C605,ctrl,2.216687765,0.345704524
Q9CXT8,ctrl,2.202071606,0.342831437
Q61586,ctrl,2.199510627,0.342326065
Q8K3W2,ctrl,2.188493056,0.340145173
O70492,ctrl,2.172582318,0.336976241
P07759,ctrl,2.170922025,0.336644225
P26231,ctrl,2.16265173,0.334986587
Q9QYC0,ctrl,2.156082737,0.333665422
Q69ZR2,ctrl,2.154444208,0.333335252
P42703,ctrl,2.152811511,0.333006007
Q3THK7,ctrl,2.151181286,0.332677011
Q69ZS7,ctrl,2.125416424,0.327444032
Q61830,ctrl,2.111193898,0.324528122
Q60737,ctrl,2.089441609,0.320030239
Q5SRX1,ctrl,2.078732694,0.317798647
Q61207,ctrl,2.065123011,0.314945926
P28665,ctrl,2.047251581,0.311171215
Q9EPL8,ctrl,2.042834961,0.310233282
Q9Z2X1,ctrl,2.029689786,0.307429666
Q61081,ctrl,2.026793552,0.306809514
O70373,ctrl,1.992649692,0.299430956
P63087,ctrl,1.976011188,0.295789399
Q9CSU0,ctrl,1.9732604,0.2951844
Q61191,ctrl,1.967792908,0.293979391
Q61730,ctrl,1.963706568,0.293076593
P01872,ctrl,1.962352853,0.292777101
Q6NZJ6,ctrl,1.962350075,0.292776486
Q61838,ctrl,1.960998229,0.292477201
Q8VH51,ctrl,1.960318846,0.292326715
P19324,ctrl,1.942214384,0.288297166
Q9QZN4,ctrl,1.93295811,0.286222442
Q8VDM6,ctrl,1.917297601,0.282689529
P98078,ctrl,1.909559491,0.280933193
Q63810,ctrl,1.906990485,0.280348526
Q6PDG5,ctrl,1.901883591,0.279183932
Q9JHS4,ctrl,1.899972947,0.278747417
P46412,ctrl,1.891746261,0.276862884
Q9CQ45,ctrl,1.89174368,0.276862292
Q9QYS9,ctrl,1.886715446,0.275706405
P61750,ctrl,1.881716425,0.274554176
Q9QZE5,ctrl,1.876738743,0.27340382
Q8K1B8,ctrl,1.852250101,0.267699627
P06728,ctrl,1.82369719,0.260952729
Q921I1,ctrl,1.81902135,0.259837796
Q922J3,ctrl,1.816694791,0.259281971
P35282,ctrl,1.80974596,0.257617616
O54931,ctrl,1.805145997,0.256512333
P32233,ctrl,1.805145997,0.256512333
Q9QX11,ctrl,1.791476092,0.253211017
Q9Z1R2,ctrl,1.784718485,0.251569722
Q8VCI5,ctrl,1.772462549,0.248577068
Q9Z0P5,ctrl,1.742011333,0.241050976
Q61147,ctrl,1.734561317,0.239189657
Q9DBC7,ctrl,1.729279696,0.237865242
Q9WTX5,ctrl,1.726123125,0.237071771
Q8C5Q4,ctrl,1.717768764,0.234964701
Q8BZI0,ctrl,1.709494883,0.232867805
Q8R5L3,ctrl,1.693183953,0.228704144
Q9D8B3,ctrl,1.691165914,0.228186217
O89020,ctrl,1.688150943,0.227411276
Q6PGL7,ctrl,1.667329401,0.222021408
Q8BWA5,ctrl,1.665374487,0.221511907
Q7TPW1,ctrl,1.661474397,0.220493653
Q925F2,ctrl,1.661474397,0.220493653
Q9CW03,ctrl,1.65953318,0.21998594
P61021,ctrl,1.656629846,0.219225481
Q811U4,ctrl,1.653732707,0.218465316
Q6A026,ctrl,1.642256452,0.215440977
Q91ZU6,ctrl,1.642256452,0.215440977
P46935,ctrl,1.641305663,0.215189468
P32067,ctrl,1.638463765,0.214436841
Q61655,ctrl,1.630232584,0.212249569
A2AGT5,ctrl,1.612408913,0.20747519
G5E870,ctrl,1.60693264,0.205997672
Q00898,ctrl,1.605116712,0.205506617
Q8BUK6,ctrl,1.599689778,0.20403577
Q8BP40,ctrl,1.599239497,0.203913507
Q4U4S6,ctrl,1.588948904,0.201109932
Q9DBG7,ctrl,1.587169737,0.200623374
Q91VC3,ctrl,1.573099984,0.196756327
Q8C1Q6,ctrl,1.555857988,0.191969954
P60122,ctrl,1.554155599,0.191494497
P70122,ctrl,1.552456931,0.191019561
Q9EQQ9,ctrl,1.54906725,0.190070272
Q8VEJ9,ctrl,1.542335532,0.188178864
A2ADF7,ctrl,1.527398488,0.183952356
O89017,ctrl,1.484280631,0.17151602
A2AJI0,ctrl,1.478099096,0.169703551
Q9ERP3,ctrl,1.474260539,0.168574241
O70571,ctrl,1.471968835,0.167898615
Q9JI78,ctrl,1.471968835,0.167898615
Q91X72,ctrl,1.465886114,0.166100231
Q9ESL4,ctrl,1.448683359,0.160973471
Q01279,ctrl,1.423265095,0.153285799
Q91W50,ctrl,1.420418495,0.152416319
P23953,ctrl,1.380364316,0.139993724
O35143,ctrl,1.374848745,0.138254922
Q8BPM0,ctrl,1.373683943,0.137886822
O70548,ctrl,1.367070614,0.135790948
Q99MS7,ctrl,1.367069266,0.13579052
P98156,ctrl,1.359216059,0.133288497
Q9R1P1,ctrl,1.347603322,0.129562073
Q61584,ctrl,1.311497061,0.117767322
Q9QZF2,ctrl,1.304268891,0.115367136
Q9ET54,ctrl,1.301875543,0.114569469
Q8VBT1,ctrl,1.294750334,0.112186032
P39876,ctrl,1.288581245,0.110111806
P01898,ctrl,1.287705084,0.10981641
P54823,ctrl,1.280733726,0.107458846
Q61703,ctrl,1.278427077,0.10667596
Q02819,ctrl,1.273837444,0.105114011
Q8K2I3,ctrl,1.267017348,0.102782561
Q7TPV4,ctrl,1.256363736,0.099115392
P20918,ctrl,1.224397215,0.087922333
O08677,ctrl,1.212889916,0.083821385
Q61702,ctrl,1.210302993,0.082894107
P01887,ctrl,1.180610722,0.072106723
Q9CXW3,ctrl,1.153743511,0.062109272
Q9DBN5,ctrl,1.135288816,0.055106359
P21460,ctrl,1.128071928,0.052336792
P11152,ctrl,1.122718281,0.050270794
Q8BGN2,ctrl,1.106959718,0.044131817
Q921U8,ctrl,1.101805004,0.04210474
P26262,ctrl,1.073070459,0.030628239
P11276,ctrl,1.070238901,0.029480733
Q80XB4,ctrl,1.041959943,0.017851023
Q9DBD0,ctrl,1.02097666,0.009015814
P16675,ctrl,1.018778256,0.008079667
Q9DCF9,ctrl,1.018048055,0.007768278
P50518,ctrl,1.006498276,0.002813035
P03953,ctrl,0.984168867,-0.006930377
P07309,ctrl,0.981447335,-0.008133
P42227,ctrl,0.972372092,-0.012167514
P54728,ctrl,0.96872193,-0.013800869
Q8BJU0,ctrl,0.946518944,-0.02387069
P06684,ctrl,0.94235607,-0.025784967
Q00623,ctrl,0.941106673,-0.026361147
Q8N7N5,ctrl,0.930008172,-0.031513235
Q91ZB0,ctrl,0.890344168,-0.050442082
Q64314,ctrl,0.862224166,-0.064379809
A6H6E2,ctrl,0.847805568,-0.071703736
Q07456,ctrl,0.831906727,-0.079925364
Q8R361,ctrl,0.816593209,-0.087994236
Q920Q8,ctrl,0.806387819,-0.093456041
P32261,ctrl,0.798226058,-0.097874099
Q9CS72,ctrl,0.778953592,-0.108488415
Q91VW5,ctrl,0.76716647,-0.115110387
P21614,ctrl,0.758963759,-0.119778962
Q8K0E8,ctrl,0.739973835,-0.130783636
P19221,ctrl,0.735373816,-0.133491838
Q5I043,ctrl,0.724859797,-0.139745987
O08759,ctrl,0.713206102,-0.14678495
P29699,ctrl,0.709640649,-0.148961516
Q8VCM7,ctrl,0.706110666,-0.151127228
Q9D1L0,ctrl,0.693349985,-0.159047489
Q8VDC1,ctrl,0.67392941,-0.171385591
Q8K0L0,ctrl,0.668849226,-0.174671771
P29788,ctrl,0.619789514,-0.207755776
P06909,ctrl,0.612304063,-0.213032859
Q01339,ctrl,0.601918854,-0.220462053
Q3UIJ9,ctrl,0.589912494,-0.229212406
P35385,ctrl,0.553998316,-0.256491556
P06683,ctrl,0.546322901,-0.262550594
Q62318,ctrl,0.538040366,-0.269185141
Q91ZP3,ctrl,0.538040366,-0.269185141
Q9D2N9,ctrl,0.508003706,-0.294133119
Q9Z1Q2,ctrl,0.505966606,-0.295878146
P01027,ctrl,0.504393719,-0.29723033